User's manual r01uh0637jj0220-rl78g11; Version 1.00; April 22, 2019
RegisterName,RegisterBookmark,RegisterTableCaption,NumberOfAppearance,ModuleInformation,SearchKey
ADM2,16.3.5 A/Dコンバータ・モード・レジスタ2 (ADM2),図16-8A/Dコンバータ・モード・レジスタ2(ADM2)のフォーマット(1/2),,,
ADTYP,16.3.5 A/Dコンバータ・モード・レジスタ2 (ADM2),図16-8A/Dコンバータ・モード・レジスタ2(ADM2)のフォーマット(2/2),2,,
AWC,16.3.5 A/Dコンバータ・モード・レジスタ2 (ADM2),図16-8A/Dコンバータ・モード・レジスタ2(ADM2)のフォーマット(2/2),2,,
ADRCK,16.3.5 A/Dコンバータ・モード・レジスタ2 (ADM2),図16-8A/Dコンバータ・モード・レジスタ2(ADM2)のフォーマット(2/2),2,,
ADUL,16.3.9 変換結果比較上限値設定レジスタ(ADUL),図16-13変換結果比較上限値設定レジスタ(ADUL)のフォーマット,,,
ADLL,16.3.10 変換結果比較下限値設定レジスタ(ADLL),図16-14変換結果比較下限値設定レジスタ(ADLL)のフォーマット,,,
ADTES,16.3.11 A/Dテスト・レジスタ(ADTES),図16-15A/Dテスト・レジスタ(ADTES)のフォーマット,,A/Dコンバータ,
ADTES,28.3.8 A/Dテスト機能,図28-16A/Dテスト・レジスタ(ADTES)のフォーマット,,安全機能,
PU0,4.3.3 プルアップ抵抗オプション・レジスタ(PUxx),図4-3プルアップ抵抗オプション・レジスタのフォーマット,,,
PU3,4.3.3 プルアップ抵抗オプション・レジスタ(PUxx),図4-3プルアップ抵抗オプション・レジスタのフォーマット,,,
PU4,4.3.3 プルアップ抵抗オプション・レジスタ(PUxx),図4-3プルアップ抵抗オプション・レジスタのフォーマット,,,
PU5,4.3.3 プルアップ抵抗オプション・レジスタ(PUxx),図4-3プルアップ抵抗オプション・レジスタのフォーマット,,,
PU12,4.3.3 プルアップ抵抗オプション・レジスタ(PUxx),図4-3プルアップ抵抗オプション・レジスタのフォーマット,,,
PIM0,4.3.4 ポート入力モード・レジスタ(PIMxx),図4-4ポート入力モード・レジスタのフォーマット,,,
PIM3,4.3.4 ポート入力モード・レジスタ(PIMxx),図4-4ポート入力モード・レジスタのフォーマット,,,
PIM4,4.3.4 ポート入力モード・レジスタ(PIMxx),図4-4ポート入力モード・レジスタのフォーマット,,,
PIM5,4.3.4 ポート入力モード・レジスタ(PIMxx),図4-4ポート入力モード・レジスタのフォーマット,,,
POM0,4.3.5 ポート出力モード・レジスタ(POMxx),図4-5ポート出力モード・レジスタのフォーマット,,,
POM3,4.3.5 ポート出力モード・レジスタ(POMxx),図4-5ポート出力モード・レジスタのフォーマット,,,
POM4,4.3.5 ポート出力モード・レジスタ(POMxx),図4-5ポート出力モード・レジスタのフォーマット,,,
POM5,4.3.5 ポート出力モード・レジスタ(POMxx),図4-5ポート出力モード・レジスタのフォーマット,,,
PMC0,4.3.6 ポート・モード・コントロール・レジスタ(PMCxx),図4-6ポート・モード・コントロール・レジスタのフォーマット,,,
PMC2,4.3.6 ポート・モード・コントロール・レジスタ(PMCxx),図4-6ポート・モード・コントロール・レジスタのフォーマット,,ポート機能,
PMC2,18.3.5 ポート・モード・コントロール・レジスタ2（PMC2）,図18-6ポート・モード・コントロール・レジスタ2（PMC2）のフォーマット,,プログラマブル・ゲイン・アンプ(PGA),
PMC3,4.3.6 ポート・モード・コントロール・レジスタ(PMCxx),図4-6ポート・モード・コントロール・レジスタのフォーマット,,,
PMC5,4.3.6 ポート・モード・コントロール・レジスタ(PMCxx),図4-6ポート・モード・コントロール・レジスタのフォーマット,,,
NFEN0,13.3.17 ノイズ・フィルタ許可レジスタ0 (NFEN0),図13-22ノイズ・フィルタ許可レジスタ0(NFEN0)のフォーマット,,,
NFEN1,7.3.15 ノイズ・フィルタ許可レジスタ1 (NFEN1),図7-23ノイズ・フィルタ許可レジスタ1(NFEN1)のフォーマット,,,
ISC,7.3.14 入力切り替え制御レジスタ(ISC),図7-22入力切り替え制御レジスタ(ISC)のフォーマット,,タイマ・アレイ・ユニット,
ISC,13.3.16 入力切り替え制御レジスタ(ISC),図13-21入力切り替え制御レジスタ(ISC)のフォーマット,,シリアル・アレイ・ユニット,
SSIE00,13.3.16 入力切り替え制御レジスタ(ISC),図13-21入力切り替え制御レジスタ(ISC)のフォーマット,2,シリアル・アレイ・ユニット,
TIS0,7.3.9 タイマ入力選択レジスタ0 (TIS0),図7-17タイマ入力選択レジスタ0(TIS0)のフォーマット,,タイマ・アレイ・ユニット,
TIS0,28.3.7 周波数検出機能,図28-14タイマ入力選択レジスタ0(TIS0)のフォーマット,,安全機能,
PIOR2,4.3.7 周辺I/Oリダイレクション・レジスタ (PIORx),図4-7周辺I/Oリダイレクション・レジスタ(PIORx)のフォーマット,,,
PIOR0,4.3.7 周辺I/Oリダイレクション・レジスタ (PIORx),図4-7周辺I/Oリダイレクション・レジスタ(PIORx)のフォーマット,,,
IAWCTL,28.3.4 RAMガード機能,図28-9不正メモリ・アクセス検出制御レジスタ(IAWCTL)のフォーマット,,RAMガード機能,
IAWCTL,28.3.5 SFRガード機能,図28-10不正メモリ・アクセス検出制御レジスタ(IAWCTL)のフォーマット,,SFRガード機能,
IAWCTL,28.3.6 不正メモリ・アクセス検出機能,図28-12不正メモリ・アクセス検出制御レジスタ(IAWCTL)のフォーマット,,不正メモリ・アクセス検出機能,
PIOR1,4.3.7 周辺I/Oリダイレクション・レジスタ (PIORx),図4-7周辺I/Oリダイレクション・レジスタ(PIORx)のフォーマット,,,
PMS,28.3.9 入出力端子のデジタル出力信号レベル検出機能,図28-18ポート・モード選択レジスタ(PMS)のフォーマット,,,
PIOR3,4.3.7 周辺I/Oリダイレクション・レジスタ (PIORx),図4-7周辺I/Oリダイレクション・レジスタ(PIORx)のフォーマット,,,
GDIDIS,4.3.8 グローバル・デジタル・インプット・ディスエーブル・レジスタ(GDIDIS),図4-8グローバル・デジタル・インプット・ディスエーブル・レジスタ(GDIDIS),,,
DFLCTL,31.8.2 データ・フラッシュを制御するレジスタ,図31-12データ・フラッシュ・コントロール・レジスタ(DFLCTL)のフォーマット,,,
DFLEN,31.8.2 データ・フラッシュを制御するレジスタ,図31-12データ・フラッシュ・コントロール・レジスタ(DFLCTL)のフォーマット,2,,
HIOTRM,6.3.10 高速オンチップ・オシレータ・トリミング・レジスタ(HIOTRM),図6-13高速オンチップ・オシレータ・トリミング・レジスタ(HIOTRM)のフォーマット,,,
HOCODIV,6.3.9 高速オンチップ・オシレータ周波数選択レジスタ(HOCODIV),図6-12高速オンチップ・オシレータ周波数選択レジスタ(HOCODIV)のフォーマット,,,
FLMODE,5.2.1 フラッシュ動作モード選択レジスタ (FLMODE),図5-2フラッシュ動作モード選択レジスタ(FLMODE)のフォーマット,,,
CFLSTOP,5.2.1 フラッシュ動作モード選択レジスタ (FLMODE),図5-2フラッシュ動作モード選択レジスタ(FLMODE)のフォーマット,2,,
MODE0,5.2.1 フラッシュ動作モード選択レジスタ (FLMODE),図5-2フラッシュ動作モード選択レジスタ(FLMODE)のフォーマット,2,,MODE1
MODE1,5.2.1 フラッシュ動作モード選択レジスタ (FLMODE),図5-2フラッシュ動作モード選択レジスタ(FLMODE)のフォーマット,2,,
FLMWRP,5.2.2 フラッシュ動作モード・プロテクト・レジスタ (FLMWRP),図5-3フラッシュ動作モード・プロテクト・レジスタ(FLMWRP)のフォーマット,,,
FLMWEN,5.2.2 フラッシュ動作モード・プロテクト・レジスタ (FLMWRP),図5-3フラッシュ動作モード・プロテクト・レジスタ(FLMWRP)のフォーマット,2,,
PER0,"6.3.7 周辺イネーブル・レジスタ0, 1, 2 (PER0, PER1, PER2)",図6-8周辺イネーブル・レジスタ0(PER0)のフォーマット,,クロック発生回路,
TAU0EN,"6.3.7 周辺イネーブル・レジスタ0, 1, 2 (PER0, PER1, PER2)",図6-8周辺イネーブル・レジスタ0(PER0)のフォーマット,2,クロック発生回路,
SAU0EN,"6.3.7 周辺イネーブル・レジスタ0, 1, 2 (PER0, PER1, PER2)",図6-8周辺イネーブル・レジスタ0(PER0)のフォーマット,2,クロック発生回路,
IICA0EN,"6.3.7 周辺イネーブル・レジスタ0, 1, 2 (PER0, PER1, PER2)",図6-8周辺イネーブル・レジスタ0(PER0)のフォーマット,2,クロック発生回路,
ADCEN,"6.3.7 周辺イネーブル・レジスタ0, 1, 2 (PER0, PER1, PER2)",図6-8周辺イネーブル・レジスタ0(PER0)のフォーマット,2,クロック発生回路,
IICA1EN,"6.3.7 周辺イネーブル・レジスタ0, 1, 2 (PER0, PER1, PER2)",図6-8周辺イネーブル・レジスタ0(PER0)のフォーマット,2,クロック発生回路,
PER0,7.3.1 周辺イネーブル・レジスタ0 (PER0),図7-9周辺イネーブル・レジスタ0(PER0)のフォーマット,,タイマ・アレイ・ユニット,
TAU0EN,7.3.1 周辺イネーブル・レジスタ0 (PER0),図7-9周辺イネーブル・レジスタ0(PER0)のフォーマット,2,タイマ・アレイ・ユニット,
PER0,13.3.1 周辺イネーブル・レジスタ0 (PER0),図13-4周辺イネーブル・レジスタ0(PER0)のフォーマット,,シリアル・アレイ・ユニット,
SAU0EN,13.3.1 周辺イネーブル・レジスタ0 (PER0),図13-4周辺イネーブル・レジスタ0(PER0)のフォーマット,1,シリアル・アレイ・ユニット,SAUmEN
PER0,14.3.1 周辺イネーブル・レジスタ0 (PER0),図14-5周辺イネーブル・レジスタ0(PER0)のフォーマット,,シリアル・インタフェースIICA,
IICA0EN,14.3.1 周辺イネーブル・レジスタ0 (PER0),図14-5周辺イネーブル・レジスタ0(PER0)のフォーマット,1,シリアル・インタフェースIICA,IICAnEN
IICA1EN,14.3.1 周辺イネーブル・レジスタ0 (PER0),図14-5周辺イネーブル・レジスタ0(PER0)のフォーマット,1,シリアル・インタフェースIICA,IICAnEN
PER0,16.3.1 周辺イネーブル・レジスタ0 (PER0),図16-2周辺イネーブル・レジスタ0(PER0)のフォーマット,,A/Dコンバータ,
ADCEN,16.3.1 周辺イネーブル・レジスタ0 (PER0),図16-2周辺イネーブル・レジスタ0(PER0)のフォーマット,2,A/Dコンバータ,
PRR0,7.3.2 周辺リセット制御レジスタ0 (PRR0),図7-10周辺リセット制御レジスタ0(PRR0)のフォーマット,,タイマ・アレイ・ユニット,
TAU0RES,7.3.2 周辺リセット制御レジスタ0 (PRR0),図7-10周辺リセット制御レジスタ0(PRR0)のフォーマット,2,タイマ・アレイ・ユニット,
PRR0,13.3.2 周辺リセット制御レジスタ0 (PRR0),図13-5周辺リセット制御レジスタ0(PRR0)のフォーマット,,シリアル・アレイ・ユニット,
SAU0RES,13.3.2 周辺リセット制御レジスタ0 (PRR0),図13-5周辺リセット制御レジスタ0(PRR0)のフォーマット,2,シリアル・アレイ・ユニット,
PRR0,14.3.2 周辺リセット制御レジスタ0 (PRR0),図14-6周辺リセット制御レジスタ0(PRR0)のフォーマット,,シリアル・インタフェースIICA,
IICA0RES,14.3.2 周辺リセット制御レジスタ0 (PRR0),図14-6周辺リセット制御レジスタ0(PRR0)のフォーマット,2,シリアル・インタフェースIICA,
IICA1RES,14.3.2 周辺リセット制御レジスタ0 (PRR0),図14-6周辺リセット制御レジスタ0(PRR0)のフォーマット,2,シリアル・インタフェースIICA,
PRR0,16.3.2 周辺リセット制御レジスタ0 (PRR0),図16-3周辺リセット制御レジスタ0(PRR0)のフォーマット,,A/Dコンバータ,
ADCRES,16.3.2 周辺リセット制御レジスタ0 (PRR0),図16-3周辺リセット制御レジスタ0(PRR0)のフォーマット,2,A/Dコンバータ,
PRR0,25.2.2 周辺リセット制御レジスタ0 (PRR0),図25-6周辺リセット制御レジスタ0(PRR0)のフォーマット,,リセット機能,
MOCODIV,6.3.11 中速オンチップ・オシレータ周波数選択レジスタ (MOCODIV),図6-14中速オンチップ・オシレータ周波数選択レジスタ(MOCODIV)のフォーマット,,,
OSMC,6.3.8 動作スピード・モード制御レジスタ(OSMC),図6-11動作スピード・モード制御レジスタ(OSMC)のフォーマット,,クロック発生回路,
WUTMMCK0,6.3.8 動作スピード・モード制御レジスタ(OSMC),図6-11動作スピード・モード制御レジスタ(OSMC)のフォーマット,2,クロック発生回路,
OSMC,8.3.3 動作スピード・モード制御レジスタ(OSMC),図8-4動作スピード・モード制御レジスタ(OSMC)のフォーマット,,12ビット・インターバル・タイマ,
WUTMMCK0,8.3.3 動作スピード・モード制御レジスタ(OSMC),図8-4動作スピード・モード制御レジスタ(OSMC)のフォーマット,2,12ビット・インターバル・タイマ,
RPECTL,28.3.3 RAMパリティ・エラー検出機能,図28-7RAMパリティ・エラー制御レジスタ(RPECTL)のフォーマット,,,
RPEF,28.3.3 RAMパリティ・エラー検出機能,図28-7RAMパリティ・エラー制御レジスタ(RPECTL)のフォーマット,2,,
RPERDIS,28.3.3 RAMパリティ・エラー検出機能,図28-7RAMパリティ・エラー制御レジスタ(RPECTL)のフォーマット,2,,
PMMC,5.2.3 レギュレータ・モード制御レジスタ (PMMC),図5-4レギュレータ・モード制御レジスタ(PMMC)のフォーマット,,オペレーション・ステート・コントロール,
MCSEL,5.2.3 レギュレータ・モード制御レジスタ (PMMC),図5-4レギュレータ・モード制御レジスタ(PMMC)のフォーマット,2,オペレーション・ステート・コントロール,
PMMC,29.2.1 レギュレータ・モード制御レジスタ (PMMC),図29-1レギュレータ・モード制御レジスタ(PMMC)のフォーマット,,レギュレータ,
MCSEL,29.2.1 レギュレータ・モード制御レジスタ (PMMC),図29-1レギュレータ・モード制御レジスタ(PMMC)のフォーマット,2,レギュレータ,
PER1,"6.3.7 周辺イネーブル・レジスタ0, 1, 2 (PER0, PER1, PER2)",図6-9周辺イネーブル・レジスタ1(PER1)のフォーマット,,クロック発生回路,
PGA0EN,"6.3.7 周辺イネーブル・レジスタ0, 1, 2 (PER0, PER1, PER2)",図6-9周辺イネーブル・レジスタ1(PER1)のフォーマット,2,クロック発生回路,
DTCEN,"6.3.7 周辺イネーブル・レジスタ0, 1, 2 (PER0, PER1, PER2)",図6-9周辺イネーブル・レジスタ1(PER1)のフォーマット,2,クロック発生回路,
CMPEN,"6.3.7 周辺イネーブル・レジスタ0, 1, 2 (PER0, PER1, PER2)",図6-9周辺イネーブル・レジスタ1(PER1)のフォーマット,2,クロック発生回路,
DACEN,"6.3.7 周辺イネーブル・レジスタ0, 1, 2 (PER0, PER1, PER2)",図6-9周辺イネーブル・レジスタ1(PER1)のフォーマット,2,クロック発生回路,
PER1,17.3.1 周辺イネーブル・レジスタ1 (PER1),図17-2周辺イネーブル・レジスタ1(PER1)のフォーマット,,D/Aコンバータ,
DACEN,17.3.1 周辺イネーブル・レジスタ1 (PER1),図17-2周辺イネーブル・レジスタ1(PER1)のフォーマット,2,D/Aコンバータ,
PER1,18.3.1 周辺イネーブル・レジスタ1 (PER1),図18-2周辺イネーブル・レジスタ1(PER1)のフォーマット,,プログラマブル・ゲイン・アンプ(PGA),
PGA0EN,18.3.1 周辺イネーブル・レジスタ1 (PER1),図18-2周辺イネーブル・レジスタ1(PER1)のフォーマット,2,プログラマブル・ゲイン・アンプ(PGA),
PER1,19.3.1 周辺イネーブル・レジスタ1 (PER1),図19-2周辺イネーブル・レジスタ1(PER1)のフォーマット,,コンパレータ,
CMPEN,19.3.1 周辺イネーブル・レジスタ1 (PER1),図19-2周辺イネーブル・レジスタ1(PER1)のフォーマット,2,コンパレータ,
PER1,20.3.4 周辺イネーブル・レジスタ1 (PER1),図20-5周辺イネーブル・レジスタ1(PER1)のフォーマット,,データ・トランスファ・コントローラ(DTC),
DTCEN,20.3.4 周辺イネーブル・レジスタ1 (PER1),図20-5周辺イネーブル・レジスタ1(PER1)のフォーマット,2,データ・トランスファ・コントローラ(DTC),
PRR1,17.3.2 周辺リセット制御レジスタ1 (PRR1),図17-3周辺リセット制御レジスタ1(PRR1)のフォーマット,,D/Aコンバータ,
DACRES,17.3.2 周辺リセット制御レジスタ1 (PRR1),図17-3周辺リセット制御レジスタ1(PRR1)のフォーマット,2,D/Aコンバータ,
PRR1,18.3.2 周辺リセット制御レジスタ1 (PRR1),図18-3周辺リセット制御レジスタ1(PRR1)のフォーマット,,プログラマブル・ゲイン・アンプ(PGA),
PGA0RES,18.3.2 周辺リセット制御レジスタ1 (PRR1),図18-3周辺リセット制御レジスタ1(PRR1)のフォーマット,2,プログラマブル・ゲイン・アンプ(PGA),
PRR1,19.3.2 周辺リセット制御レジスタ1 (PRR1),図19-3周辺リセット制御レジスタ1(PRR1)のフォーマット,,コンパレータ,
CMPRES,19.3.2 周辺リセット制御レジスタ1 (PRR1),図19-3周辺リセット制御レジスタ1(PRR1)のフォーマット,2,コンパレータ,
PRR1,25.2.3 周辺リセット制御レジスタ1 (PRR1),図25-7周辺リセット制御レジスタ1(PRR1)のフォーマット,,リセット機能,
PER2,"6.3.7 周辺イネーブル・レジスタ0, 1, 2 (PER0, PER1, PER2)",図6-10周辺イネーブル・レジスタ2(PER2)のフォーマット,,クロック発生回路,
TKB0EN,"6.3.7 周辺イネーブル・レジスタ0, 1, 2 (PER0, PER1, PER2)",図6-10周辺イネーブル・レジスタ2(PER2)のフォーマット,2,クロック発生回路,
DOCEN,"6.3.7 周辺イネーブル・レジスタ0, 1, 2 (PER0, PER1, PER2)",図6-10周辺イネーブル・レジスタ2(PER2)のフォーマット,2,クロック発生回路,
TMKAEN,"6.3.7 周辺イネーブル・レジスタ0, 1, 2 (PER0, PER1, PER2)",図6-10周辺イネーブル・レジスタ2(PER2)のフォーマット,2,クロック発生回路,
PER2,8.3.1 周辺イネーブル・レジスタ2 (PER2),図8-2周辺イネーブル・レジスタ2(PER2)のフォーマット,,12ビット・インターバル・タイマ,
TMKAEN,8.3.1 周辺イネーブル・レジスタ2 (PER2),図8-2周辺イネーブル・レジスタ2(PER2)のフォーマット,2,12ビット・インターバル・タイマ,
PER2,10.3.1 周辺イネーブル・レジスタ2（PER2）,図10-4周辺イネーブル・レジスタ2（PER2）のフォーマット,,16ビット・タイマKB0,
TKB0EN,10.3.1 周辺イネーブル・レジスタ2（PER2）,図10-4周辺イネーブル・レジスタ2（PER2）のフォーマット,2,16ビット・タイマKB0,
PER2,15.2.1 周辺イネーブル・レジスタ2 (PER2),図15-2周辺イネーブル・レジスタ2(PER2)のフォーマット,,データ演算回路(DOC),
DOCEN,15.2.1 周辺イネーブル・レジスタ2 (PER2),図15-2周辺イネーブル・レジスタ2(PER2)のフォーマット,2,データ演算回路(DOC),
PRR2,8.3.2 周辺リセット制御レジスタ2 (PRR2),図8-3周辺リセット制御レジスタ2(PRR2)のフォーマット,,12ビット・インターバル・タイマ,
TMKARES,8.3.2 周辺リセット制御レジスタ2 (PRR2),図8-3周辺リセット制御レジスタ2(PRR2)のフォーマット,2,12ビット・インターバル・タイマ,
PRR2,10.3.2 周辺リセット制御レジスタ2 (PRR2),図10-5周辺リセット制御レジスタ2(PRR2)のフォーマット,,16ビット・タイマKB0,
TKB0RES,10.3.2 周辺リセット制御レジスタ2 (PRR2),図10-5周辺リセット制御レジスタ2(PRR2)のフォーマット,2,16ビット・タイマKB0,
PRR2,15.2.2 周辺リセット制御レジスタ2 (PRR2),図15-3周辺リセット制御レジスタ2(PRR2)のフォーマット,,データ演算回路(DOC),
DOCRES,15.2.2 周辺リセット制御レジスタ2 (PRR2),図15-3周辺リセット制御レジスタ2(PRR2)のフォーマット,2,データ演算回路(DOC),
PRR2,25.2.4 周辺リセット制御レジスタ2 (PRR2),図25-8周辺リセット制御レジスタ2(PRR2)のフォーマット,,リセット機能,
BCDADJ,33.2.1 BCD補正結果レジスタ(BCDADJ),図33-1BCD補正結果レジスタ(BCDADJ)のフォーマット,,,
SSR00,13.3.8 シリアル・ステータス・レジスタmn (SSRmn),図13-11シリアル・ステータス・レジスタmn(SSRmn)のフォーマット(1/2),,,
SSR00L,13.3.8 シリアル・ステータス・レジスタmn (SSRmn),図13-11シリアル・ステータス・レジスタmn(SSRmn)のフォーマット(1/2),,,
SSR01,13.3.8 シリアル・ステータス・レジスタmn (SSRmn),図13-11シリアル・ステータス・レジスタmn(SSRmn)のフォーマット(1/2),,,
SSR01L,13.3.8 シリアル・ステータス・レジスタmn (SSRmn),図13-11シリアル・ステータス・レジスタmn(SSRmn)のフォーマット(1/2),,,
SSR02,13.3.8 シリアル・ステータス・レジスタmn (SSRmn),図13-11シリアル・ステータス・レジスタmn(SSRmn)のフォーマット(1/2),,,
SSR02L,13.3.8 シリアル・ステータス・レジスタmn (SSRmn),図13-11シリアル・ステータス・レジスタmn(SSRmn)のフォーマット(1/2),,,
SSR03,13.3.8 シリアル・ステータス・レジスタmn (SSRmn),図13-11シリアル・ステータス・レジスタmn(SSRmn)のフォーマット(1/2),,,
SSR03L,13.3.8 シリアル・ステータス・レジスタmn (SSRmn),図13-11シリアル・ステータス・レジスタmn(SSRmn)のフォーマット(1/2),,,
SIR00,13.3.7 シリアル・フラグ・クリア・トリガ・レジスタmn (SIRmn),図13-10シリアル・フラグ・クリア・トリガ・レジスタmn(SIRmn)のフォーマット,,,
SIR00L,13.3.7 シリアル・フラグ・クリア・トリガ・レジスタmn (SIRmn),図13-10シリアル・フラグ・クリア・トリガ・レジスタmn(SIRmn)のフォーマット,,,
SIR01,13.3.7 シリアル・フラグ・クリア・トリガ・レジスタmn (SIRmn),図13-10シリアル・フラグ・クリア・トリガ・レジスタmn(SIRmn)のフォーマット,,,
SIR01L,13.3.7 シリアル・フラグ・クリア・トリガ・レジスタmn (SIRmn),図13-10シリアル・フラグ・クリア・トリガ・レジスタmn(SIRmn)のフォーマット,,,
SIR02,13.3.7 シリアル・フラグ・クリア・トリガ・レジスタmn (SIRmn),図13-10シリアル・フラグ・クリア・トリガ・レジスタmn(SIRmn)のフォーマット,,,
SIR02L,13.3.7 シリアル・フラグ・クリア・トリガ・レジスタmn (SIRmn),図13-10シリアル・フラグ・クリア・トリガ・レジスタmn(SIRmn)のフォーマット,,,
SIR03,13.3.7 シリアル・フラグ・クリア・トリガ・レジスタmn (SIRmn),図13-10シリアル・フラグ・クリア・トリガ・レジスタmn(SIRmn)のフォーマット,,,
SIR03L,13.3.7 シリアル・フラグ・クリア・トリガ・レジスタmn (SIRmn),図13-10シリアル・フラグ・クリア・トリガ・レジスタmn(SIRmn)のフォーマット,,,
SMR00,13.3.4 シリアル・モード・レジスタmn (SMRmn),図13-7シリアル・モード・レジスタmn(SMRmn)のフォーマット(1/2),,,
SMR01,13.3.4 シリアル・モード・レジスタmn (SMRmn),図13-7シリアル・モード・レジスタmn(SMRmn)のフォーマット(1/2),,,
SMR02,13.3.4 シリアル・モード・レジスタmn (SMRmn),図13-7シリアル・モード・レジスタmn(SMRmn)のフォーマット(1/2),,,
SMR03,13.3.4 シリアル・モード・レジスタmn (SMRmn),図13-7シリアル・モード・レジスタmn(SMRmn)のフォーマット(1/2),,,
SCR00,13.3.5 シリアル通信動作設定レジスタmn (SCRmn),図13-8シリアル通信動作設定レジスタmn(SCRmn)のフォーマット(1/2),,,
SCR01,13.3.5 シリアル通信動作設定レジスタmn (SCRmn),図13-8シリアル通信動作設定レジスタmn(SCRmn)のフォーマット(1/2),,,
SCR02,13.3.5 シリアル通信動作設定レジスタmn (SCRmn),図13-8シリアル通信動作設定レジスタmn(SCRmn)のフォーマット(1/2),,,
SCR03,13.3.5 シリアル通信動作設定レジスタmn (SCRmn),図13-8シリアル通信動作設定レジスタmn(SCRmn)のフォーマット(1/2),,,
SE0,13.3.11 シリアル・チャネル許可ステータス・レジスタm (SEm),図13-14シリアル・チャネル許可ステータス・レジスタm(SEm)のフォーマット,,,
SE0L,13.3.11 シリアル・チャネル許可ステータス・レジスタm (SEm),図13-14シリアル・チャネル許可ステータス・レジスタm(SEm)のフォーマット,,,
SS0,13.3.9 シリアル・チャネル開始レジスタm (SSm),図13-12シリアル・チャネル開始レジスタm(SSm)のフォーマット,,,
SS0L,13.3.9 シリアル・チャネル開始レジスタm (SSm),図13-12シリアル・チャネル開始レジスタm(SSm)のフォーマット,,,
ST0,13.3.10 シリアル・チャネル停止レジスタm (STm),図13-13シリアル・チャネル停止レジスタm(STm)のフォーマット,,,
ST0L,13.3.10 シリアル・チャネル停止レジスタm (STm),図13-13シリアル・チャネル停止レジスタm(STm)のフォーマット,,,
SPS0,13.3.3 シリアル・クロック選択レジスタm (SPSm),図13-6シリアル・クロック選択レジスタm(SPSm)のフォーマット,,,
SPS0L,13.3.3 シリアル・クロック選択レジスタm (SPSm),図13-6シリアル・クロック選択レジスタm(SPSm)のフォーマット,,,
SO0,13.3.13 シリアル出力レジスタm (SOm),図13-16シリアル出力レジスタm(SOm)のフォーマット,,,
SOE0,13.3.12 シリアル出力許可レジスタm (SOEm),図13-15シリアル出力許可レジスタm(SOEm)のフォーマット,,,
SOE0L,13.3.12 シリアル出力許可レジスタm (SOEm),図13-15シリアル出力許可レジスタm(SOEm)のフォーマット,,,
SOL0,13.3.14 シリアル出力レベル・レジスタm (SOLm),図13-17シリアル出力レベル・レジスタm(SOLm)のフォーマット,,,
SOL0L,13.3.14 シリアル出力レベル・レジスタm (SOLm),図13-17シリアル出力レベル・レジスタm(SOLm)のフォーマット,,,
SSC0,13.3.15 シリアル・スタンバイ・コントロール・レジスタm (SSCm),図13-19シリアル・スタンバイ・コントロール・レジスタm(SSCm)のフォーマット,,,
SSC0L,13.3.15 シリアル・スタンバイ・コントロール・レジスタm (SSCm),図13-19シリアル・スタンバイ・コントロール・レジスタm(SSCm)のフォーマット,,,
TCR00,7.2.1 タイマ・カウンタ・レジスタmn (TCRmn),図7-6タイマ・カウンタ・レジスタmn(TCRmn)のフォーマット,,,
TCR01,7.2.1 タイマ・カウンタ・レジスタmn (TCRmn),図7-6タイマ・カウンタ・レジスタmn(TCRmn)のフォーマット,,,
TCR02,7.2.1 タイマ・カウンタ・レジスタmn (TCRmn),図7-6タイマ・カウンタ・レジスタmn(TCRmn)のフォーマット,,,
TCR03,7.2.1 タイマ・カウンタ・レジスタmn (TCRmn),図7-6タイマ・カウンタ・レジスタmn(TCRmn)のフォーマット,,,
TMR00,7.3.4 タイマ・モード・レジスタmn (TMRmn),図7-12タイマ・モード・レジスタmn(TMRmn)のフォーマット(1/4),,,
TMR01,7.3.4 タイマ・モード・レジスタmn (TMRmn),図7-12タイマ・モード・レジスタmn(TMRmn)のフォーマット(1/4),,,
TMR02,7.3.4 タイマ・モード・レジスタmn (TMRmn),図7-12タイマ・モード・レジスタmn(TMRmn)のフォーマット(1/4),,,
TMR03,7.3.4 タイマ・モード・レジスタmn (TMRmn),図7-12タイマ・モード・レジスタmn(TMRmn)のフォーマット(1/4),,,
TSR00,7.3.5 タイマ・ステータス・レジスタmn (TSRmn),図7-13タイマ・ステータス・レジスタmn(TSRmn)のフォーマット,,,
TSR00L,7.3.5 タイマ・ステータス・レジスタmn (TSRmn),図7-13タイマ・ステータス・レジスタmn(TSRmn)のフォーマット,,,
TSR01,7.3.5 タイマ・ステータス・レジスタmn (TSRmn),図7-13タイマ・ステータス・レジスタmn(TSRmn)のフォーマット,,,
TSR01L,7.3.5 タイマ・ステータス・レジスタmn (TSRmn),図7-13タイマ・ステータス・レジスタmn(TSRmn)のフォーマット,,,
TSR02,7.3.5 タイマ・ステータス・レジスタmn (TSRmn),図7-13タイマ・ステータス・レジスタmn(TSRmn)のフォーマット,,,
TSR02L,7.3.5 タイマ・ステータス・レジスタmn (TSRmn),図7-13タイマ・ステータス・レジスタmn(TSRmn)のフォーマット,,,
TSR03,7.3.5 タイマ・ステータス・レジスタmn (TSRmn),図7-13タイマ・ステータス・レジスタmn(TSRmn)のフォーマット,,,
TSR03L,7.3.5 タイマ・ステータス・レジスタmn (TSRmn),図7-13タイマ・ステータス・レジスタmn(TSRmn)のフォーマット,,,
TE0,7.3.6 タイマ・チャネル許可ステータス・レジスタm (TEm),図7-14タイマ・チャネル許可ステータス・レジスタm(TEm)のフォーマット,,,
TE0L,7.3.6 タイマ・チャネル許可ステータス・レジスタm (TEm),図7-14タイマ・チャネル許可ステータス・レジスタm(TEm)のフォーマット,,,
TS0,7.3.7 タイマ・チャネル開始レジスタm (TSm),図7-15タイマ・チャネル開始レジスタm(TSm)のフォーマット,,,
TS0L,7.3.7 タイマ・チャネル開始レジスタm (TSm),図7-15タイマ・チャネル開始レジスタm(TSm)のフォーマット,,,
TT0,7.3.8 タイマ・チャネル停止レジスタm (TTm),図7-16タイマ・チャネル停止レジスタm(TTm)のフォーマット,,,
TT0L,7.3.8 タイマ・チャネル停止レジスタm (TTm),図7-16タイマ・チャネル停止レジスタm(TTm)のフォーマット,,,
TPS0,7.3.3 タイマ・クロック選択レジスタm (TPSm),図7-11タイマ・クロック選択レジスタm(TPSm)のフォーマット(1/2),,,
TO0,7.3.11 タイマ出力レジスタm (TOm),図7-19タイマ出力レジスタm(TOm)のフォーマット,,,
TO0L,7.3.11 タイマ出力レジスタm (TOm),図7-19タイマ出力レジスタm(TOm)のフォーマット,,,
TOE0,7.3.10 タイマ出力許可レジスタm (TOEm),図7-18タイマ出力許可レジスタm(TOEm)のフォーマット,,,
TOE0L,7.3.10 タイマ出力許可レジスタm (TOEm),図7-18タイマ出力許可レジスタm(TOEm)のフォーマット,,,
TOL0,7.3.12 タイマ出力レベル・レジスタm (TOLm),図7-20タイマ出力レベル・レジスタm(TOLm)のフォーマット,,,
TOL0L,7.3.12 タイマ出力レベル・レジスタm (TOLm),図7-20タイマ出力レベル・レジスタm(TOLm)のフォーマット,,,
TOM0,7.3.13 タイマ出力モード・レジスタm (TOMm),図7-21タイマ出力モード・レジスタm(TOMm)のフォーマット,,,
TOM0L,7.3.13 タイマ出力モード・レジスタm (TOMm),図7-21タイマ出力モード・レジスタm(TOMm)のフォーマット,,,
IICCTL00,14.3.3 IICAコントロール・レジスタn0 (IICCTLn0),図14-7IICAコントロール・レジスタn0(IICCTLn0)のフォーマット(1/4),,,
SPT0,14.3.3 IICAコントロール・レジスタn0 (IICCTLn0),図14-7IICAコントロール・レジスタn0(IICCTLn0)のフォーマット(4/4),1,,SPTn
STT0,14.3.3 IICAコントロール・レジスタn0 (IICCTLn0),図14-7IICAコントロール・レジスタn0(IICCTLn0)のフォーマット(3/4),1,,STTn
ACKE0,14.3.3 IICAコントロール・レジスタn0 (IICCTLn0),図14-7IICAコントロール・レジスタn0(IICCTLn0)のフォーマット(2/4),1,,ACKEn
WTIM0,14.3.3 IICAコントロール・レジスタn0 (IICCTLn0),図14-7IICAコントロール・レジスタn0(IICCTLn0)のフォーマット(2/4),1,,WTIMn
SPIE0,14.3.3 IICAコントロール・レジスタn0 (IICCTLn0),図14-7IICAコントロール・レジスタn0(IICCTLn0)のフォーマット(2/4),1,,SPIEn
WREL0,14.3.3 IICAコントロール・レジスタn0 (IICCTLn0),図14-7IICAコントロール・レジスタn0(IICCTLn0)のフォーマット(1/4),2,,WRELn
LREL0,14.3.3 IICAコントロール・レジスタn0 (IICCTLn0),図14-7IICAコントロール・レジスタn0(IICCTLn0)のフォーマット(1/4),2,,LRELn
IICE0,14.3.3 IICAコントロール・レジスタn0 (IICCTLn0),図14-7IICAコントロール・レジスタn0(IICCTLn0)のフォーマット(1/4),2,,IICEn
IICCTL01,14.3.6 IICAコントロール・レジスタn1 (IICCTLn1),図14-10IICAコントロール・レジスタn1(IICCTLn1)のフォーマット(1/2),,,
PRS0,14.3.6 IICAコントロール・レジスタn1 (IICCTLn1),図14-10IICAコントロール・レジスタn1(IICCTLn1)のフォーマット(2/2),1,,PRSn
DFC0,14.3.6 IICAコントロール・レジスタn1 (IICCTLn1),図14-10IICAコントロール・レジスタn1(IICCTLn1)のフォーマット(2/2),1,,DFCn
SMC0,14.3.6 IICAコントロール・レジスタn1 (IICCTLn1),図14-10IICAコントロール・レジスタn1(IICCTLn1)のフォーマット(2/2),1,,SMCn
DAD0,14.3.6 IICAコントロール・レジスタn1 (IICCTLn1),図14-10IICAコントロール・レジスタn1(IICCTLn1)のフォーマット(2/2),1,,DADn
CLD0,14.3.6 IICAコントロール・レジスタn1 (IICCTLn1),図14-10IICAコントロール・レジスタn1(IICCTLn1)のフォーマット(2/2),1,,CLDn
WUP0,14.3.6 IICAコントロール・レジスタn1 (IICCTLn1),図14-10IICAコントロール・レジスタn1(IICCTLn1)のフォーマット(1/2),2,,WUPn
IICWL0,14.3.7 IICAロウ・レベル幅設定レジスタn (IICWLn),図14-11IICAロウ・レベル幅設定レジスタn(IICWLn)のフォーマット,,,
IICWH0,14.3.8 IICAハイ・レベル幅設定レジスタn (IICWHn),図14-12IICAハイ・レベル幅設定レジスタn(IICWHn)のフォーマット,,,
SVA0,14.2 シリアル・インタフェースIICAの構成,図14-4スレーブ・アドレス・レジスタn(SVAn)のフォーマット,,,
IICCTL10,14.3.3 IICAコントロール・レジスタn0 (IICCTLn0),図14-7IICAコントロール・レジスタn0(IICCTLn0)のフォーマット(1/4),,,
SPT1,14.3.3 IICAコントロール・レジスタn0 (IICCTLn0),図14-7IICAコントロール・レジスタn0(IICCTLn0)のフォーマット(4/4),1,,SPTn
STT1,14.3.3 IICAコントロール・レジスタn0 (IICCTLn0),図14-7IICAコントロール・レジスタn0(IICCTLn0)のフォーマット(3/4),1,,STTn
ACKE1,14.3.3 IICAコントロール・レジスタn0 (IICCTLn0),図14-7IICAコントロール・レジスタn0(IICCTLn0)のフォーマット(2/4),1,,ACKEn
WTIM1,14.3.3 IICAコントロール・レジスタn0 (IICCTLn0),図14-7IICAコントロール・レジスタn0(IICCTLn0)のフォーマット(2/4),1,,WTIMn
SPIE1,14.3.3 IICAコントロール・レジスタn0 (IICCTLn0),図14-7IICAコントロール・レジスタn0(IICCTLn0)のフォーマット(2/4),1,,SPIEn
WREL1,14.3.3 IICAコントロール・レジスタn0 (IICCTLn0),図14-7IICAコントロール・レジスタn0(IICCTLn0)のフォーマット(1/4),2,,WRELn
LREL1,14.3.3 IICAコントロール・レジスタn0 (IICCTLn0),図14-7IICAコントロール・レジスタn0(IICCTLn0)のフォーマット(1/4),2,,LRELn
IICE1,14.3.3 IICAコントロール・レジスタn0 (IICCTLn0),図14-7IICAコントロール・レジスタn0(IICCTLn0)のフォーマット(1/4),2,,IICEn
IICCTL11,14.3.6 IICAコントロール・レジスタn1 (IICCTLn1),図14-10IICAコントロール・レジスタn1(IICCTLn1)のフォーマット(1/2),,,
PRS1,14.3.6 IICAコントロール・レジスタn1 (IICCTLn1),図14-10IICAコントロール・レジスタn1(IICCTLn1)のフォーマット(2/2),1,,PRSn
DFC1,14.3.6 IICAコントロール・レジスタn1 (IICCTLn1),図14-10IICAコントロール・レジスタn1(IICCTLn1)のフォーマット(2/2),1,,DFCn
SMC1,14.3.6 IICAコントロール・レジスタn1 (IICCTLn1),図14-10IICAコントロール・レジスタn1(IICCTLn1)のフォーマット(2/2),1,,SMCn
DAD1,14.3.6 IICAコントロール・レジスタn1 (IICCTLn1),図14-10IICAコントロール・レジスタn1(IICCTLn1)のフォーマット(2/2),1,,DADn
CLD1,14.3.6 IICAコントロール・レジスタn1 (IICCTLn1),図14-10IICAコントロール・レジスタn1(IICCTLn1)のフォーマット(2/2),1,,CLDn
WUP1,14.3.6 IICAコントロール・レジスタn1 (IICCTLn1),図14-10IICAコントロール・レジスタn1(IICCTLn1)のフォーマット(1/2),2,,WUPn
IICWL1,14.3.7 IICAロウ・レベル幅設定レジスタn (IICWLn),図14-11IICAロウ・レベル幅設定レジスタn(IICWLn)のフォーマット,,,
IICWH1,14.3.8 IICAハイ・レベル幅設定レジスタn (IICWHn),図14-12IICAハイ・レベル幅設定レジスタn(IICWHn)のフォーマット,,,
SVA1,14.2 シリアル・インタフェースIICAの構成,図14-4スレーブ・アドレス・レジスタn(SVAn)のフォーマット,,,
ELSELR00,21.3.1 イベント出力先選択レジスタn (ELSELRn) (n = 00-17),図21-2イベント出力先選択レジスタn(ELSELRn)のフォーマット,,,
ELSELR01,21.3.1 イベント出力先選択レジスタn (ELSELRn) (n = 00-17),図21-2イベント出力先選択レジスタn(ELSELRn)のフォーマット,,,
ELSELR02,21.3.1 イベント出力先選択レジスタn (ELSELRn) (n = 00-17),図21-2イベント出力先選択レジスタn(ELSELRn)のフォーマット,,,
ELSELR03,21.3.1 イベント出力先選択レジスタn (ELSELRn) (n = 00-17),図21-2イベント出力先選択レジスタn(ELSELRn)のフォーマット,,,
ELSELR04,21.3.1 イベント出力先選択レジスタn (ELSELRn) (n = 00-17),図21-2イベント出力先選択レジスタn(ELSELRn)のフォーマット,,,
ELSELR05,21.3.1 イベント出力先選択レジスタn (ELSELRn) (n = 00-17),図21-2イベント出力先選択レジスタn(ELSELRn)のフォーマット,,,
ELSELR06,21.3.1 イベント出力先選択レジスタn (ELSELRn) (n = 00-17),図21-2イベント出力先選択レジスタn(ELSELRn)のフォーマット,,,
ELSELR07,21.3.1 イベント出力先選択レジスタn (ELSELRn) (n = 00-17),図21-2イベント出力先選択レジスタn(ELSELRn)のフォーマット,,,
ELSELR08,21.3.1 イベント出力先選択レジスタn (ELSELRn) (n = 00-17),図21-2イベント出力先選択レジスタn(ELSELRn)のフォーマット,,,
ELSELR09,21.3.1 イベント出力先選択レジスタn (ELSELRn) (n = 00-17),図21-2イベント出力先選択レジスタn(ELSELRn)のフォーマット,,,
ELSELR10,21.3.1 イベント出力先選択レジスタn (ELSELRn) (n = 00-17),図21-2イベント出力先選択レジスタn(ELSELRn)のフォーマット,,,
ELSELR11,21.3.1 イベント出力先選択レジスタn (ELSELRn) (n = 00-17),図21-2イベント出力先選択レジスタn(ELSELRn)のフォーマット,,,
ELSELR12,21.3.1 イベント出力先選択レジスタn (ELSELRn) (n = 00-17),図21-2イベント出力先選択レジスタn(ELSELRn)のフォーマット,,,
ELSELR13,21.3.1 イベント出力先選択レジスタn (ELSELRn) (n = 00-17),図21-2イベント出力先選択レジスタn(ELSELRn)のフォーマット,,,
ELSELR14,21.3.1 イベント出力先選択レジスタn (ELSELRn) (n = 00-17),図21-2イベント出力先選択レジスタn(ELSELRn)のフォーマット,,,
ELSELR15,21.3.1 イベント出力先選択レジスタn (ELSELRn) (n = 00-17),図21-2イベント出力先選択レジスタn(ELSELRn)のフォーマット,,,
ELSELR16,21.3.1 イベント出力先選択レジスタn (ELSELRn) (n = 00-17),図21-2イベント出力先選択レジスタn(ELSELRn)のフォーマット,,,
ELSELR17,21.3.1 イベント出力先選択レジスタn (ELSELRn) (n = 00-17),図21-2イベント出力先選択レジスタn(ELSELRn)のフォーマット,,,
TPS2,10.3.3 タイマ・クロック選択レジスタ2（TPS2）,図10-6タイマ・クロック選択レジスタ2（TPS2）のフォーマット,,,
TPS3,8.3.4 タイマ・クロック選択レジスタ3（TPS3）,図8-5タイマ・クロック選択レジスタ3(TPS3)のフォーマット,,,
DTCBAR,20.3.12 DTCベース・アドレス・レジスタ(DTCBAR),図20-13DTCベース・アドレス・レジスタ(DTCBAR)のフォーマット,,,
DTCEN0,20.3.11 DTC起動許可レジスタi (DTCENi) (i = 0-2),図20-12DTC起動許可レジスタi(DTCENi)(i=0-2)のフォーマット,,,
DTCEN1,20.3.11 DTC起動許可レジスタi (DTCENi) (i = 0-2),図20-12DTC起動許可レジスタi(DTCENi)(i=0-2)のフォーマット,,,
DTCEN2,20.3.11 DTC起動許可レジスタi (DTCENi) (i = 0-2),図20-12DTC起動許可レジスタi(DTCENi)(i=0-2)のフォーマット,,,
CRC0CTL,28.3.1 フラッシュ・メモリCRC演算機能(高速CRC),図28-1フラッシュ・メモリCRC制御レジスタ(CRC0CTL)のフォーマット,,,
CRC0EN,28.3.1 フラッシュ・メモリCRC演算機能(高速CRC),図28-1フラッシュ・メモリCRC制御レジスタ(CRC0CTL)のフォーマット,2,,
PGCRCL,28.3.1 フラッシュ・メモリCRC演算機能(高速CRC),図28-2フラッシュ・メモリCRC演算結果レジスタ(PGCRCL)のフォーマット,,,
CRCD,28.3.2 CRC演算機能(汎用CRC),図28-5CRCデータ・レジスタ(CRCD)のフォーマット,,,
COMPMDR,19.3.3 コンパレータモード設定レジスタ(COMPMDR),図19-4コンパレータモード設定レジスタ(COMPMDR)のフォーマット(1/2),,,
C0ENB,19.3.3 コンパレータモード設定レジスタ(COMPMDR),図19-4コンパレータモード設定レジスタ(COMPMDR)のフォーマット(2/2),2,,
C1ENB,19.3.3 コンパレータモード設定レジスタ(COMPMDR),図19-4コンパレータモード設定レジスタ(COMPMDR)のフォーマット(1/2),2,,
COMPFIR,19.3.4 コンパレータフィルタ制御レジスタ(COMPFIR),図19-5コンパレータフィルタ制御レジスタ(COMPFIR)のフォーマット,,,
COMPOCR,19.3.5 コンパレータ出力制御レジスタ(COMPOCR),図19-6コンパレータ出力制御レジスタ(COMPOCR)のフォーマット,,,
C0IE,19.3.5 コンパレータ出力制御レジスタ(COMPOCR),図19-6コンパレータ出力制御レジスタ(COMPOCR)のフォーマット,2,,
C0OE,19.3.5 コンパレータ出力制御レジスタ(COMPOCR),図19-6コンパレータ出力制御レジスタ(COMPOCR)のフォーマット,2,,
C0OP,19.3.5 コンパレータ出力制御レジスタ(COMPOCR),図19-6コンパレータ出力制御レジスタ(COMPOCR)のフォーマット,2,,
C1IE,19.3.5 コンパレータ出力制御レジスタ(COMPOCR),図19-6コンパレータ出力制御レジスタ(COMPOCR)のフォーマット,2,,
C1OE,19.3.5 コンパレータ出力制御レジスタ(COMPOCR),図19-6コンパレータ出力制御レジスタ(COMPOCR)のフォーマット,2,,
C1OP,19.3.5 コンパレータ出力制御レジスタ(COMPOCR),図19-6コンパレータ出力制御レジスタ(COMPOCR)のフォーマット,2,,
SPDMD,19.3.5 コンパレータ出力制御レジスタ(COMPOCR),図19-6コンパレータ出力制御レジスタ(COMPOCR)のフォーマット,2,,
COMPISEL,18.3.4 コンパレータ入力信号選択制御レジスタ （COMPISEL）,図18-5コンパレータ入力信号選択制御レジスタ（COMPISEL）のフォーマット,,,
PGACTL,18.3.3 PGA制御レジスタ（PGACTL）,図18-4PGA制御レジスタ（PGACTL）のフォーマット,,,
PGAEN,18.3.3 PGA制御レジスタ（PGACTL）,図18-4PGA制御レジスタ（PGACTL）のフォーマット,2,,
TRTCMP0,9.3.4 8ビット・インターバル・タイマ・コンペア・レジスタn (TRTCMPn) (n = 0),図9-58ビット・インターバル・タイマ・コンペア・レジスタn(TRTCMPn)のフォーマット,,,
TRTCMP00,"9.3.3 8ビット・インターバル・タイマ・コンペア・レジスタni (TRTCMPni) (n = 0, i = 0, 1)",図9-48ビット・インターバル・タイマ・コンペア・レジスタni(TRTCMPni)のフォーマット,,,
TRTCMP01,"9.3.3 8ビット・インターバル・タイマ・コンペア・レジスタni (TRTCMPni) (n = 0, i = 0, 1)",図9-48ビット・インターバル・タイマ・コンペア・レジスタni(TRTCMPni)のフォーマット,,,
TRTCR0,9.3.5 8ビット・インターバル・タイマ制御レジスタn (TRTCRn) (n = 0),図9-68ビット・インターバル・タイマ制御レジスタn(TRTCRn)のフォーマット,,,
TSTART00,9.3.5 8ビット・インターバル・タイマ制御レジスタn (TRTCRn) (n = 0),図9-68ビット・インターバル・タイマ制御レジスタn(TRTCRn)のフォーマット,2,,TSTARTn0
TSTART01,9.3.5 8ビット・インターバル・タイマ制御レジスタn (TRTCRn) (n = 0),図9-68ビット・インターバル・タイマ制御レジスタn(TRTCRn)のフォーマット,2,,TSTARTn1
TRTMD0,9.3.6 8ビット・インターバル・タイマ分周レジスタn (TRTMDn) (n = 0),図9-78ビット・インターバル・タイマ分周レジスタn(TRTMDn)のフォーマット,,,
TKBCR00,10.2.1 16ビット・タイマKBコンペア・レジスタn0-n3（TKBCRn0-TKBCRn3）,図10-216ビット・タイマKBコンペア・レジスタnm（TKBCRnm）のフォーマット,,,
TKBCR01,10.2.1 16ビット・タイマKBコンペア・レジスタn0-n3（TKBCRn0-TKBCRn3）,図10-216ビット・タイマKBコンペア・レジスタnm（TKBCRnm）のフォーマット,,,
TKBCR02,10.2.1 16ビット・タイマKBコンペア・レジスタn0-n3（TKBCRn0-TKBCRn3）,図10-216ビット・タイマKBコンペア・レジスタnm（TKBCRnm）のフォーマット,,,
TKBCR03,10.2.1 16ビット・タイマKBコンペア・レジスタn0-n3（TKBCRn0-TKBCRn3）,図10-216ビット・タイマKBコンペア・レジスタnm（TKBCRnm）のフォーマット,,,
TKBTGCR0,10.2.2 16ビット・タイマKBトリガ・コンペア・レジスタn（TKBTGCRn）,図10-316ビット・タイマKBトリガ・コンペア・レジスタn（TKBTGCRn）のフォーマット,,,
TKBSIR00,"10.3.14 16ビット・タイマKBソフト・スタート初期デューティ・レジスタn0, n1 （TKBSIRn0, TKBSIRn1）",図10-1716ビット・タイマKBソフト・スタート初期デューティ・レジスタnp（TKBSIRnp）のフォーマット,,,
TKBSIR01,"10.3.14 16ビット・タイマKBソフト・スタート初期デューティ・レジスタn0, n1 （TKBSIRn0, TKBSIRn1）",図10-1716ビット・タイマKBソフト・スタート初期デューティ・レジスタnp（TKBSIRnp）のフォーマット,,,
TKBDNR00,"10.3.11 16ビット・タイマKBディザリング数レジスタn0, n1（TKBDNRn0, TKBDNRn1）",図10-1416ビット・タイマKBディザリング数レジスタnp（TKBDNRnp）のフォーマット,,,
TKBSSR00,"10.3.15 16ビット・タイマKBソフト・スタート・ステップ幅レジスタn0, n1 （TKBSSRn0, TKBSSRn1）",図10-1816ビット・タイマKBソフト・スタート・ステップ幅レジスタnp（TKBSSRnp）のフォーマット,,,
TKBDNR01,"10.3.11 16ビット・タイマKBディザリング数レジスタn0, n1（TKBDNRn0, TKBDNRn1）",図10-1416ビット・タイマKBディザリング数レジスタnp（TKBDNRnp）のフォーマット,,,
TKBSSR01,"10.3.15 16ビット・タイマKBソフト・スタート・ステップ幅レジスタn0, n1 （TKBSSRn0, TKBSSRn1）",図10-1816ビット・タイマKBソフト・スタート・ステップ幅レジスタnp（TKBSSRnp）のフォーマット,,,
TKBTRG0,10.3.9 16ビット・タイマKBトリガ・レジスタn（TKBTRGn）,図10-1216ビット・タイマKBトリガ・レジスタn（TKBTRGn）のフォーマット,,,
TKBRDT0,10.3.9 16ビット・タイマKBトリガ・レジスタn（TKBTRGn）,図10-1216ビット・タイマKBトリガ・レジスタn（TKBTRGn）のフォーマット,2,,TKBRDTn
TKBFLG0,10.3.8 16ビット・タイマKBフラグ・レジスタn（TKBFLGn）,図10-1116ビット・タイマKBフラグ・レジスタn（TKBFLGn）のフォーマット,,,
TKBRSF0,10.3.8 16ビット・タイマKBフラグ・レジスタn（TKBFLGn）,図10-1116ビット・タイマKBフラグ・レジスタn（TKBFLGn）のフォーマット,2,,TKBRSFn
TKBMFF0,10.3.8 16ビット・タイマKBフラグ・レジスタn（TKBFLGn）,図10-1116ビット・タイマKBフラグ・レジスタn（TKBFLGn）のフォーマット,2,,TKBMFFn
TKBIEF0,10.3.8 16ビット・タイマKBフラグ・レジスタn（TKBFLGn）,図10-1116ビット・タイマKBフラグ・レジスタn（TKBFLGn）のフォーマット,2,,TKBIEFn
TKBIRF0,10.3.8 16ビット・タイマKBフラグ・レジスタn（TKBFLGn）,図10-1116ビット・タイマKBフラグ・レジスタn（TKBFLGn）のフォーマット,2,,TKBIRFn
TKBSEF00,10.3.8 16ビット・タイマKBフラグ・レジスタn（TKBFLGn）,図10-1116ビット・タイマKBフラグ・レジスタn（TKBFLGn）のフォーマット,1,,TKBSEFnp
TKBSEF01,10.3.8 16ビット・タイマKBフラグ・レジスタn（TKBFLGn）,図10-1116ビット・タイマKBフラグ・レジスタn（TKBFLGn）のフォーマット,1,,TKBSEFnp
TKBSSF00,10.3.8 16ビット・タイマKBフラグ・レジスタn（TKBFLGn）,図10-1116ビット・タイマKBフラグ・レジスタn（TKBFLGn）のフォーマット,1,,TKBSSFnp
TKBSSF01,10.3.8 16ビット・タイマKBフラグ・レジスタn（TKBFLGn）,図10-1116ビット・タイマKBフラグ・レジスタn（TKBFLGn）のフォーマット,1,,TKBSSFnp
TKBCRLD00,10.3.12 16ビット・タイマKBコンペア1L＆ディザリング数レジスタn0 （TKBCRLDn0）,図10-1516ビット・タイマKBコンペア1L＆ディザリング数レジスタn0（TKBCRLDn0）のフォーマット,,,
TKBCRLD01,10.3.13 16ビット・タイマKBコンペア3L＆ディザリング数レジスタn1 （TKBCRLDn1）,図10-1616ビット・タイマKBコンペア3L＆ディザリング数レジスタn1（TKBCRLDn1）のフォーマット,,,
TKBCTL00,10.3.4 16ビット・タイマKB動作制御レジスタn0（TKBCTLn0）,図10-716ビット・タイマKB動作制御レジスタn0（TKBCTLn0）のフォーマット（1/2）,,,
TKBMFR0,10.3.16 16ビット・タイマKB最大周波数リミット設定レジスタn（TKBMFRn）,図10-1916ビット・タイマKB最大周波数リミット設定レジスタn（TKBMFRn）のフォーマット,,,
TKBIOC00,10.3.6 16ビット・タイマKB出力制御レジスタn0（TKBIOCn0）,図10-916ビット・タイマKB出力制御レジスタn0（TKBIOCn0）のフォーマット,,,
TKBTOD00,10.3.6 16ビット・タイマKB出力制御レジスタn0（TKBIOCn0）,図10-916ビット・タイマKB出力制御レジスタn0（TKBIOCn0）のフォーマット,1,,TKBTODnp
TKBTOD01,10.3.6 16ビット・タイマKB出力制御レジスタn0（TKBIOCn0）,図10-916ビット・タイマKB出力制御レジスタn0（TKBIOCn0）のフォーマット,1,,TKBTODnp
TKBTOL00,10.3.6 16ビット・タイマKB出力制御レジスタn0（TKBIOCn0）,図10-916ビット・タイマKB出力制御レジスタn0（TKBIOCn0）のフォーマット,1,,TKBTOLnp
TKBTOL01,10.3.6 16ビット・タイマKB出力制御レジスタn0（TKBIOCn0）,図10-916ビット・タイマKB出力制御レジスタn0（TKBIOCn0）のフォーマット,1,,TKBTOLnp
TKBCLR0,10.3.10 16ビット・タイマKBフラグ・クリア・トリガ・レジスタn（TKBCLRn）,図10-1316ビット・タイマKBフラグ・クリア・トリガ・レジスタn（TKBCLRn）のフォーマット,,,
TKBCLMF0,10.3.10 16ビット・タイマKBフラグ・クリア・トリガ・レジスタn（TKBCLRn）,図10-1316ビット・タイマKBフラグ・クリア・トリガ・レジスタn（TKBCLRn）のフォーマット,2,,TKBCLMFn
TKBCLIE0,10.3.10 16ビット・タイマKBフラグ・クリア・トリガ・レジスタn（TKBCLRn）,図10-1316ビット・タイマKBフラグ・クリア・トリガ・レジスタn（TKBCLRn）のフォーマット,2,,TKBCLIEn
TKBCLIR0,10.3.10 16ビット・タイマKBフラグ・クリア・トリガ・レジスタn（TKBCLRn）,図10-1316ビット・タイマKBフラグ・クリア・トリガ・レジスタn（TKBCLRn）のフォーマット,2,,TKBCLIRn
TKBCLSE00,10.3.10 16ビット・タイマKBフラグ・クリア・トリガ・レジスタn（TKBCLRn）,図10-1316ビット・タイマKBフラグ・クリア・トリガ・レジスタn（TKBCLRn）のフォーマット,1,,TKBCLSEnp
TKBCLSE01,10.3.10 16ビット・タイマKBフラグ・クリア・トリガ・レジスタn（TKBCLRn）,図10-1316ビット・タイマKBフラグ・クリア・トリガ・レジスタn（TKBCLRn）のフォーマット,1,,TKBCLSEnp
TKBIOC01,10.3.7 16ビット・タイマKB出力制御レジスタn1（TKBIOCn1）,図10-1016ビット・タイマKB出力制御レジスタn1（TKBIOCn1）のフォーマット,,,
TKBTOE00,10.3.7 16ビット・タイマKB出力制御レジスタn1（TKBIOCn1）,図10-1016ビット・タイマKB出力制御レジスタn1（TKBIOCn1）のフォーマット,1,,TKBTOEnp
TKBTOE01,10.3.7 16ビット・タイマKB出力制御レジスタn1（TKBIOCn1）,図10-1016ビット・タイマKB出力制御レジスタn1（TKBIOCn1）のフォーマット,1,,TKBTOEnp
TKBCTL01,10.3.5 16ビット・タイマKB動作制御レジスタn1（TKBCTLn1）,図10-816ビット・タイマKB動作制御レジスタn1（TKBCTLn1）のフォーマット,,,
TKBCE0,10.3.5 16ビット・タイマKB動作制御レジスタn1（TKBCTLn1）,図10-816ビット・タイマKB動作制御レジスタn1（TKBCTLn1）のフォーマット,1,,TKBCEn
TKBPACTL00,10.6.3 強制出力停止機能を制御するレジスタ,図10-66強制出力停止機能制御レジスタ0p（TKBPACTL0p）のフォーマット（1/2）,,,
TKBPACTL01,10.6.3 強制出力停止機能を制御するレジスタ,図10-66強制出力停止機能制御レジスタ0p（TKBPACTL0p）のフォーマット（1/2）,,,
TKBPAHFS0,10.6.3 強制出力停止機能を制御するレジスタ,図10-69強制出力停止機能1開始トリガ・レジスタn（TKBPAHFSn）のフォーマット,,,
TKBPAHTS00,10.6.3 強制出力停止機能を制御するレジスタ,図10-69強制出力停止機能1開始トリガ・レジスタn（TKBPAHFSn）のフォーマット,1,,TKBPAHTSnp
TKBPAHTS01,10.6.3 強制出力停止機能を制御するレジスタ,図10-69強制出力停止機能1開始トリガ・レジスタn（TKBPAHFSn）のフォーマット,1,,TKBPAHTSnp
TKBPAHFT0,10.6.3 強制出力停止機能を制御するレジスタ,図10-70強制出力停止機能1解除トリガ・レジスタn（TKBPAHFTn）のフォーマット,,,
TKBPAHTT00,10.6.3 強制出力停止機能を制御するレジスタ,図10-70強制出力停止機能1解除トリガ・レジスタn（TKBPAHFTn）のフォーマット,1,,TKBPAHTTnp
TKBPAHTT01,10.6.3 強制出力停止機能を制御するレジスタ,図10-70強制出力停止機能1解除トリガ・レジスタn（TKBPAHFTn）のフォーマット,1,,TKBPAHTTnp
TKBPAFLG0,10.6.3 強制出力停止機能を制御するレジスタ,図10-68強制出力停止機能フラグ・レジスタ（TKBPAFLGn）のフォーマット,,,
TKBPAHIF00,10.6.3 強制出力停止機能を制御するレジスタ,図10-68強制出力停止機能フラグ・レジスタ（TKBPAFLGn）のフォーマット,1,,TKBPAHIFnp
TKBPAFIF00,10.6.3 強制出力停止機能を制御するレジスタ,図10-68強制出力停止機能フラグ・レジスタ（TKBPAFLGn）のフォーマット,1,,TKBPAFIFnp
TKBPAHIF01,10.6.3 強制出力停止機能を制御するレジスタ,図10-68強制出力停止機能フラグ・レジスタ（TKBPAFLGn）のフォーマット,1,,TKBPAHIFnp
TKBPAFIF01,10.6.3 強制出力停止機能を制御するレジスタ,図10-68強制出力停止機能フラグ・レジスタ（TKBPAFLGn）のフォーマット,1,,TKBPAFIFnp
TKBPAHSF00,10.6.3 強制出力停止機能を制御するレジスタ,図10-68強制出力停止機能フラグ・レジスタ（TKBPAFLGn）のフォーマット,1,,TKBPAHSFnp
TKBPAFSF00,10.6.3 強制出力停止機能を制御するレジスタ,図10-68強制出力停止機能フラグ・レジスタ（TKBPAFLGn）のフォーマット,1,,TKBPAFSFnp
TKBPAHSF01,10.6.3 強制出力停止機能を制御するレジスタ,図10-68強制出力停止機能フラグ・レジスタ（TKBPAFLGn）のフォーマット,1,,TKBPAHSFnp
TKBPAFSF01,10.6.3 強制出力停止機能を制御するレジスタ,図10-68強制出力停止機能フラグ・レジスタ（TKBPAFLGn）のフォーマット,1,,TKBPAFSFnp
TKBPACTL02,10.6.3 強制出力停止機能を制御するレジスタ,図10-67強制出力停止機能制御レジスタn2（TKBPACTLn2）のフォーマット,,,
TKBPACE00,10.6.3 強制出力停止機能を制御するレジスタ,図10-67強制出力停止機能制御レジスタn2（TKBPACTLn2）のフォーマット,1,,TKBPACEnp
TKBPACE01,10.6.3 強制出力停止機能を制御するレジスタ,図10-67強制出力停止機能制御レジスタn2（TKBPACTLn2）のフォーマット,1,,TKBPACEnp
PFSEL0,10.3.17 周辺機能切り替えレジスタ0（PFSEL0）,図10-20周辺機能切り替えレジスタ0（PFSEL0）のフォーマット,,,
TMRSTEN0,10.3.17 周辺機能切り替えレジスタ0（PFSEL0）,図10-20周辺機能切り替えレジスタ0（PFSEL0）のフォーマット,2,,
TMRSTEN1,10.3.17 周辺機能切り替えレジスタ0（PFSEL0）,図10-20周辺機能切り替えレジスタ0（PFSEL0）のフォーマット,2,,
PNFEN0,10.3.17 周辺機能切り替えレジスタ0（PFSEL0）,図10-20周辺機能切り替えレジスタ0（PFSEL0）のフォーマット,2,,
PNFEN1,10.3.17 周辺機能切り替えレジスタ0（PFSEL0）,図10-20周辺機能切り替えレジスタ0（PFSEL0）のフォーマット,2,,
INTPINV0,10.3.17 周辺機能切り替えレジスタ0（PFSEL0）,図10-20周辺機能切り替えレジスタ0（PFSEL0）のフォーマット,2,,
INTPINV1,10.3.17 周辺機能切り替えレジスタ0（PFSEL0）,図10-20周辺機能切り替えレジスタ0（PFSEL0）のフォーマット,2,,
INTPEG,10.3.18 外部割り込みエッジ許可レジスタ(INTPEG),図10-21外部割り込みエッジ許可レジスタ（INTPEG）のフォーマット,,,
INTFE,22.3.5 割り込みフラグ制御レジスタ,図22-6割り込みフラグ・イネーブル・レジスタ(INTFE)のフォーマット,,,
INTADFE,22.3.5 割り込みフラグ制御レジスタ,図22-6割り込みフラグ・イネーブル・レジスタ(INTFE)のフォーマット,2,,
INTITFE,22.3.5 割り込みフラグ制御レジスタ,図22-6割り込みフラグ・イネーブル・レジスタ(INTFE)のフォーマット,2,,
INTIT00FE,22.3.5 割り込みフラグ制御レジスタ,図22-6割り込みフラグ・イネーブル・レジスタ(INTFE)のフォーマット,2,,
INTIT01FE,22.3.5 割り込みフラグ制御レジスタ,図22-6割り込みフラグ・イネーブル・レジスタ(INTFE)のフォーマット,2,,
INTTMKB0FE,22.3.5 割り込みフラグ制御レジスタ,図22-6割り込みフラグ・イネーブル・レジスタ(INTFE)のフォーマット,2,,
INTDOCFE,22.3.5 割り込みフラグ制御レジスタ,図22-6割り込みフラグ・イネーブル・レジスタ(INTFE)のフォーマット,2,,
INTCMP0FE,22.3.5 割り込みフラグ制御レジスタ,図22-6割り込みフラグ・イネーブル・レジスタ(INTFE)のフォーマット,2,,
INTCMP1FE,22.3.5 割り込みフラグ制御レジスタ,図22-6割り込みフラグ・イネーブル・レジスタ(INTFE)のフォーマット,2,,
INTFOCTL0,22.3.5 割り込みフラグ制御レジスタ,"図22-7割り込みフラグ出力制御レジスタ01(INTFOCTL0,INTFOCTL1)のフォーマット",,,
INTFOCTL1,22.3.5 割り込みフラグ制御レジスタ,"図22-7割り込みフラグ出力制御レジスタ01(INTFOCTL0,INTFOCTL1)のフォーマット",,,
INTFCLR,22.3.5 割り込みフラグ制御レジスタ,"図22-7割り込みフラグ出力制御レジスタ01(INTFOCTL0,INTFOCTL1)のフォーマット",2,,
TRT0,9.3.2 8ビット・インターバル・タイマ・カウンタ・レジスタn (TRTn) (n = 0),図9-38ビット・インターバル・タイマ・カウンタ・レジスタn(TRTn)のフォーマット,,,
TRT00,"9.3.1 8ビット・インターバル・タイマ・カウンタ・レジスタni (TRTni) (n = 0, i = 0, 1)",図9-28ビット・インターバル・タイマ・カウンタ・レジスタni(TRTni)のフォーマット,,,
TRT01,"9.3.1 8ビット・インターバル・タイマ・カウンタ・レジスタni (TRTni) (n = 0, i = 0, 1)",図9-28ビット・インターバル・タイマ・カウンタ・レジスタni(TRTni)のフォーマット,,,
DOCR,15.2.3 DOCコントロールレジスタ(DOCR),図15-4DOCコントロールレジスタ(DOCR)のフォーマット,,,
OMS0,15.2.3 DOCコントロールレジスタ(DOCR),図15-4DOCコントロールレジスタ(DOCR)のフォーマット,2,,OMS1
OMS1,15.2.3 DOCコントロールレジスタ(DOCR),図15-4DOCコントロールレジスタ(DOCR)のフォーマット,2,,
DCSEL,15.2.3 DOCコントロールレジスタ(DOCR),図15-4DOCコントロールレジスタ(DOCR)のフォーマット,3,,
DOPCIE,15.2.3 DOCコントロールレジスタ(DOCR),図15-4DOCコントロールレジスタ(DOCR)のフォーマット,2,,
DOPCF,15.2.3 DOCコントロールレジスタ(DOCR),図15-4DOCコントロールレジスタ(DOCR)のフォーマット,7,,
DOPCFCL,15.2.3 DOCコントロールレジスタ(DOCR),図15-4DOCコントロールレジスタ(DOCR)のフォーマット,2,,
DODIR,15.2.4 DOCデータインプットレジスタ(DODIR),図15-5DOCデータインプットレジスタ(DODIR)のフォーマット,,,
DODSR,15.2.5 DOCデータセッティングレジスタ(DODSR),図15-6DOCデータセッティングレジスタ(DODSR)のフォーマット,,,
P0,4.3.2 ポート・レジスタ(Pxx),図4-2ポート・レジスタのフォーマット,,,
P2,4.3.2 ポート・レジスタ(Pxx),図4-2ポート・レジスタのフォーマット,,,
P3,4.3.2 ポート・レジスタ(Pxx),図4-2ポート・レジスタのフォーマット,,,
P4,4.3.2 ポート・レジスタ(Pxx),図4-2ポート・レジスタのフォーマット,,,
P5,4.3.2 ポート・レジスタ(Pxx),図4-2ポート・レジスタのフォーマット,,,
P12,4.3.2 ポート・レジスタ(Pxx),図4-2ポート・レジスタのフォーマット,,,
P13,4.3.2 ポート・レジスタ(Pxx),図4-2ポート・レジスタのフォーマット,,,
SDR00,13.3.6 シリアル・データ・レジスタmn (SDRmn),図13-9シリアル・データ・レジスタmn(SDRmn)のフォーマット,,,
SIO00,13.3.6 シリアル・データ・レジスタmn (SDRmn),図13-9シリアル・データ・レジスタmn(SDRmn)のフォーマット,,,
TXD0,13.3.6 シリアル・データ・レジスタmn (SDRmn),図13-9シリアル・データ・レジスタmn(SDRmn)のフォーマット,,,
SDR01,13.3.6 シリアル・データ・レジスタmn (SDRmn),図13-9シリアル・データ・レジスタmn(SDRmn)のフォーマット,,,
RXD0,13.3.6 シリアル・データ・レジスタmn (SDRmn),図13-9シリアル・データ・レジスタmn(SDRmn)のフォーマット,,,
SIO01,13.3.6 シリアル・データ・レジスタmn (SDRmn),図13-9シリアル・データ・レジスタmn(SDRmn)のフォーマット,,,
TDR00,7.2.2 タイマ・データ・レジスタmn (TDRmn),"図7-7タイマ・データ・レジスタmn(TDRmn)(n=0,2)のフォーマット",,,
TDR01,7.2.2 タイマ・データ・レジスタmn (TDRmn),"図7-8タイマ・データ・レジスタmn(TDRmn)(n=1,3)のフォーマット",,,
TDR01L,7.2.2 タイマ・データ・レジスタmn (TDRmn),"図7-8タイマ・データ・レジスタmn(TDRmn)(n=1,3)のフォーマット",,,
TDR01H,7.2.2 タイマ・データ・レジスタmn (TDRmn),"図7-8タイマ・データ・レジスタmn(TDRmn)(n=1,3)のフォーマット",,,
ADCR,16.3.6 10ビットA/D変換結果レジスタ(ADCR),図16-1010ビットA/D変換結果レジスタ(ADCR)のフォーマット,,,
ADCRH,16.3.7 8ビットA/D変換結果レジスタ(ADCRH),図16-118ビットA/D変換結果レジスタ(ADCRH)のフォーマット,,,
PM0,4.3.1 ポート・モード・レジスタ(PMxx),図4-1ポート・モード・レジスタのフォーマット,,,
PM2,4.3.1 ポート・モード・レジスタ(PMxx),図4-1ポート・モード・レジスタのフォーマット,,ポート機能,
PM2,18.3.6 ポート・モード・レジスタ2（PM2）,図18-7ポート・モード・レジスタ2（PM2）のフォーマット,,プログラマブル・ゲイン・アンプ(PGA),
PM3,4.3.1 ポート・モード・レジスタ(PMxx),図4-1ポート・モード・レジスタのフォーマット,,ポート機能,
PM3,"23.3.4 ポート・モード・レジスタ3, 5 (PM3, PM5)","図23-5ポート・モード・レジスタ3,5(PM3,PM5)のフォーマット",,キー割り込み機能,
PM4,4.3.1 ポート・モード・レジスタ(PMxx),図4-1ポート・モード・レジスタのフォーマット,,,
PM5,4.3.1 ポート・モード・レジスタ(PMxx),図4-1ポート・モード・レジスタのフォーマット,,ポート機能,
PM5,"23.3.4 ポート・モード・レジスタ3, 5 (PM3, PM5)","図23-5ポート・モード・レジスタ3,5(PM3,PM5)のフォーマット",,キー割り込み機能,
ADM0,16.3.3 A/Dコンバータ・モード・レジスタ0 (ADM0),図16-4A/Dコンバータ・モード・レジスタ0(ADM0)のフォーマット,,,
ADCE,16.3.3 A/Dコンバータ・モード・レジスタ0 (ADM0),図16-4A/Dコンバータ・モード・レジスタ0(ADM0)のフォーマット,2,,
ADCS,16.3.3 A/Dコンバータ・モード・レジスタ0 (ADM0),図16-4A/Dコンバータ・モード・レジスタ0(ADM0)のフォーマット,2,,
ADS,16.3.8 アナログ入力チャネル指定レジスタ(ADS),図16-12アナログ入力チャネル指定レジスタ(ADS)のフォーマット(1/2),,A/Dコンバータ,
ADS,28.3.8 A/Dテスト機能,図28-17アナログ入力チャネル指定レジスタ(ADS)のフォーマット,,安全機能,
ADM1,16.3.4 A/Dコンバータ・モード・レジスタ1 (ADM1),図16-7A/Dコンバータ・モード・レジスタ1(ADM1)のフォーマット,,,
KRCTL,23.3.1 キー・リターン・コントロール・レジスタ(KRCTL),図23-2キー・リターン・コントロール・レジスタ(KRCTL)のフォーマット,,,
KREG,23.3.1 キー・リターン・コントロール・レジスタ(KRCTL),図23-2キー・リターン・コントロール・レジスタ(KRCTL)のフォーマット,2,,
KRMD,23.3.1 キー・リターン・コントロール・レジスタ(KRCTL),図23-2キー・リターン・コントロール・レジスタ(KRCTL)のフォーマット,2,,
KRF,23.3.3 キー・リターン・フラグ・レジスタ (KRF),図23-4キー・リターン・フラグ・レジスタ(KRF)のフォーマット,,,
KRM0,23.3.2 キー・リターン・モード・レジスタ0 (KRM0),図23-3キー・リターン・モード・レジスタ0(KRM0)のフォーマット,,,
EGP0,22.3.4 外部割り込み立ち上がりエッジ許可レジスタ(EGP0)，外部割り込み立ち下が りエッジ許可レジスタ(EGN0),図22-5外部割り込み立ち上がりエッジ許可レジスタ(EGP0)，外部割り込み立ち下がりエッジ許可レジスタ(EGN0)のフォーマット,,,
EGN0,22.3.4 外部割り込み立ち上がりエッジ許可レジスタ(EGP0)，外部割り込み立ち下が りエッジ許可レジスタ(EGN0),図22-5外部割り込み立ち上がりエッジ許可レジスタ(EGP0)，外部割り込み立ち下がりエッジ許可レジスタ(EGN0)のフォーマット,,,
EGP1,22.3.4 外部割り込み立ち上がりエッジ許可レジスタ(EGP0)，外部割り込み立ち下が りエッジ許可レジスタ(EGN0),図22-5外部割り込み立ち上がりエッジ許可レジスタ(EGP0)，外部割り込み立ち下がりエッジ許可レジスタ(EGN0)のフォーマット,,,
EGN1,22.3.4 外部割り込み立ち上がりエッジ許可レジスタ(EGP0)，外部割り込み立ち下が りエッジ許可レジスタ(EGN0),図22-5外部割り込み立ち上がりエッジ許可レジスタ(EGP0)，外部割り込み立ち下がりエッジ許可レジスタ(EGN0)のフォーマット,,,
DACS0,"17.3.4 D/A変換値設定レジスタi (DACSi)(i = 0, 1)","図17-5D/A変換値設定レジスタi(DACSi)(i=0,1)のフォーマット",,,
DACS1,"17.3.4 D/A変換値設定レジスタi (DACSi)(i = 0, 1)","図17-5D/A変換値設定レジスタi(DACSi)(i=0,1)のフォーマット",,,
DAM,17.3.3 D/Aコンバータ・モード・レジスタ(DAM),図17-4D/Aコンバータ・モード・レジスタ(DAM)のフォーマット,,,
DACE0,17.3.3 D/Aコンバータ・モード・レジスタ(DAM),図17-4D/Aコンバータ・モード・レジスタ(DAM)のフォーマット,1,,DACEi
DACE1,17.3.3 D/Aコンバータ・モード・レジスタ(DAM),図17-4D/Aコンバータ・モード・レジスタ(DAM)のフォーマット,1,,DACEi
SDR02,13.3.6 シリアル・データ・レジスタmn (SDRmn),図13-9シリアル・データ・レジスタmn(SDRmn)のフォーマット,,,
SIO10,13.3.6 シリアル・データ・レジスタmn (SDRmn),図13-9シリアル・データ・レジスタmn(SDRmn)のフォーマット,,,
TXD1,13.3.6 シリアル・データ・レジスタmn (SDRmn),図13-9シリアル・データ・レジスタmn(SDRmn)のフォーマット,,,
SDR03,13.3.6 シリアル・データ・レジスタmn (SDRmn),図13-9シリアル・データ・レジスタmn(SDRmn)のフォーマット,,,
RXD1,13.3.6 シリアル・データ・レジスタmn (SDRmn),図13-9シリアル・データ・レジスタmn(SDRmn)のフォーマット,,,
SIO11,13.3.6 シリアル・データ・レジスタmn (SDRmn),図13-9シリアル・データ・レジスタmn(SDRmn)のフォーマット,,,
IICA0,14.2 シリアル・インタフェースIICAの構成,図14-3IICAシフト・レジスタn(IICAn)のフォーマット,,,
IICS0,14.3.4 IICAステータス・レジスタn (IICSn),図14-8IICAステータス・レジスタn(IICSn)のフォーマット(1/3),,,
SPD0,14.3.4 IICAステータス・レジスタn (IICSn),図14-8IICAステータス・レジスタn(IICSn)のフォーマット(3/3),1,,SPDn
STD0,14.3.4 IICAステータス・レジスタn (IICSn),図14-8IICAステータス・レジスタn(IICSn)のフォーマット(3/3),1,,STDn
ACKD0,14.3.4 IICAステータス・レジスタn (IICSn),図14-8IICAステータス・レジスタn(IICSn)のフォーマット(3/3),1,,ACKDn
TRC0,14.3.4 IICAステータス・レジスタn (IICSn),図14-8IICAステータス・レジスタn(IICSn)のフォーマット(2/3),1,,TRCn
COI0,14.3.4 IICAステータス・レジスタn (IICSn),図14-8IICAステータス・レジスタn(IICSn)のフォーマット(2/3),1,,COIn
EXC0,14.3.4 IICAステータス・レジスタn (IICSn),図14-8IICAステータス・レジスタn(IICSn)のフォーマット(2/3),1,,EXCn
ALD0,14.3.4 IICAステータス・レジスタn (IICSn),図14-8IICAステータス・レジスタn(IICSn)のフォーマット(1/3),3,,ALDn
MSTS0,14.3.4 IICAステータス・レジスタn (IICSn),図14-8IICAステータス・レジスタn(IICSn)のフォーマット(1/3),2,,MSTSn
IICF0,14.3.5 IICAフラグ・レジスタn (IICFn),図14-9IICAフラグ・レジスタn(IICFn)のフォーマット,,,
IICRSV0,14.3.5 IICAフラグ・レジスタn (IICFn),図14-9IICAフラグ・レジスタn(IICFn)のフォーマット,3,,IICRSVn
STCEN0,14.3.5 IICAフラグ・レジスタn (IICFn),図14-9IICAフラグ・レジスタn(IICFn)のフォーマット,5,,STCENn
IICBSY0,14.3.5 IICAフラグ・レジスタn (IICFn),図14-9IICAフラグ・レジスタn(IICFn)のフォーマット,2,,IICBSYn
STCF0,14.3.5 IICAフラグ・レジスタn (IICFn),図14-9IICAフラグ・レジスタn(IICFn)のフォーマット,2,,STCFn
IICA1,14.2 シリアル・インタフェースIICAの構成,図14-3IICAシフト・レジスタn(IICAn)のフォーマット,,,
IICS1,14.3.4 IICAステータス・レジスタn (IICSn),図14-8IICAステータス・レジスタn(IICSn)のフォーマット(1/3),,,
SPD1,14.3.4 IICAステータス・レジスタn (IICSn),図14-8IICAステータス・レジスタn(IICSn)のフォーマット(3/3),1,,SPDn
STD1,14.3.4 IICAステータス・レジスタn (IICSn),図14-8IICAステータス・レジスタn(IICSn)のフォーマット(3/3),1,,STDn
ACKD1,14.3.4 IICAステータス・レジスタn (IICSn),図14-8IICAステータス・レジスタn(IICSn)のフォーマット(3/3),1,,ACKDn
TRC1,14.3.4 IICAステータス・レジスタn (IICSn),図14-8IICAステータス・レジスタn(IICSn)のフォーマット(2/3),1,,TRCn
COI1,14.3.4 IICAステータス・レジスタn (IICSn),図14-8IICAステータス・レジスタn(IICSn)のフォーマット(2/3),1,,COIn
EXC1,14.3.4 IICAステータス・レジスタn (IICSn),図14-8IICAステータス・レジスタn(IICSn)のフォーマット(2/3),1,,EXCn
ALD1,14.3.4 IICAステータス・レジスタn (IICSn),図14-8IICAステータス・レジスタn(IICSn)のフォーマット(1/3),3,,ALDn
MSTS1,14.3.4 IICAステータス・レジスタn (IICSn),図14-8IICAステータス・レジスタn(IICSn)のフォーマット(1/3),2,,MSTSn
IICF1,14.3.5 IICAフラグ・レジスタn (IICFn),図14-9IICAフラグ・レジスタn(IICFn)のフォーマット,,,
IICRSV1,14.3.5 IICAフラグ・レジスタn (IICFn),図14-9IICAフラグ・レジスタn(IICFn)のフォーマット,3,,IICRSVn
STCEN1,14.3.5 IICAフラグ・レジスタn (IICFn),図14-9IICAフラグ・レジスタn(IICFn)のフォーマット,5,,STCENn
IICBSY1,14.3.5 IICAフラグ・レジスタn (IICFn),図14-9IICAフラグ・レジスタn(IICFn)のフォーマット,2,,IICBSYn
STCF1,14.3.5 IICAフラグ・レジスタn (IICFn),図14-9IICAフラグ・レジスタn(IICFn)のフォーマット,2,,STCFn
TDR02,7.2.2 タイマ・データ・レジスタmn (TDRmn),"図7-7タイマ・データ・レジスタmn(TDRmn)(n=0,2)のフォーマット",,,
TDR03,7.2.2 タイマ・データ・レジスタmn (TDRmn),"図7-8タイマ・データ・レジスタmn(TDRmn)(n=1,3)のフォーマット",,,
TDR03L,7.2.2 タイマ・データ・レジスタmn (TDRmn),"図7-8タイマ・データ・レジスタmn(TDRmn)(n=1,3)のフォーマット",,,
TDR03H,7.2.2 タイマ・データ・レジスタmn (TDRmn),"図7-8タイマ・データ・レジスタmn(TDRmn)(n=1,3)のフォーマット",,,
ITMC,8.3.5 12ビット・インターバル・タイマ・コントロール・レジスタ(ITMC),図8-612ビット・インターバル・タイマ・コントロール・レジスタ(ITMC)のフォーマット,,,
CMC,6.3.1 クロック動作モード制御レジスタ(CMC),図6-2クロック動作モード制御レジスタ(CMC)のフォーマット,,,
CSC,6.3.3 クロック動作ステータス制御レジスタ(CSC),図6-4クロック動作ステータス制御レジスタ(CSC)のフォーマット,,,
HIOSTOP,6.3.3 クロック動作ステータス制御レジスタ(CSC),図6-4クロック動作ステータス制御レジスタ(CSC)のフォーマット,2,,
MIOEN,6.3.3 クロック動作ステータス制御レジスタ(CSC),図6-4クロック動作ステータス制御レジスタ(CSC)のフォーマット,2,,
MSTOP,6.3.3 クロック動作ステータス制御レジスタ(CSC),図6-4クロック動作ステータス制御レジスタ(CSC)のフォーマット,2,,
OSTC,6.3.4 発振安定時間カウンタ状態レジスタ(OSTC),図6-5発振安定時間カウンタ状態レジスタ(OSTC)のフォーマット,,,
OSTS,6.3.5 発振安定時間選択レジスタ(OSTS),図6-6発振安定時間選択レジスタ(OSTS)のフォーマット,,,
CKC,6.3.2 システム・クロック制御レジスタ(CKC),図6-3システム・クロック制御レジスタ(CKC)のフォーマット,,,
MCM1,6.3.2 システム・クロック制御レジスタ(CKC),図6-3システム・クロック制御レジスタ(CKC)のフォーマット,2,,
MCS1,6.3.2 システム・クロック制御レジスタ(CKC),図6-3システム・クロック制御レジスタ(CKC)のフォーマット,2,,
MCM0,6.3.2 システム・クロック制御レジスタ(CKC),図6-3システム・クロック制御レジスタ(CKC)のフォーマット,2,,
MCS,6.3.2 システム・クロック制御レジスタ(CKC),図6-3システム・クロック制御レジスタ(CKC)のフォーマット,3,,
CSS,6.3.2 システム・クロック制御レジスタ(CKC),図6-3システム・クロック制御レジスタ(CKC)のフォーマット,2,,
CLS,6.3.2 システム・クロック制御レジスタ(CKC),図6-3システム・クロック制御レジスタ(CKC)のフォーマット,2,,
CKS0,11.3.1 クロック出力選択レジスタn (CKSn),図11-2クロック出力選択レジスタn(CKSn)のフォーマット,,,
PCLOE0,11.3.1 クロック出力選択レジスタn (CKSn),図11-2クロック出力選択レジスタn(CKSn)のフォーマット,2,,PCLOEn
CKS1,11.3.1 クロック出力選択レジスタn (CKSn),図11-2クロック出力選択レジスタn(CKSn)のフォーマット,,,
PCLOE1,11.3.1 クロック出力選択レジスタn (CKSn),図11-2クロック出力選択レジスタn(CKSn)のフォーマット,2,,PCLOEn
CKSEL,6.3.6 サブシステム・クロック選択レジスタ(CKSEL),図6-7サブシステム・クロック選択レジスタ(CKSEL)のフォーマット,,,
SELLOSC,6.3.6 サブシステム・クロック選択レジスタ(CKSEL),図6-7サブシステム・クロック選択レジスタ(CKSEL)のフォーマット,2,,
RESF,25.2.1 リセット・コントロール・フラグ・レジスタ(RESF),図25-4リセット・コントロール・フラグ・レジスタ(RESF)のフォーマット,,,
LVIM,27.3.1 電圧検出レジスタ(LVIM),図27-2電圧検出レジスタ(LVIM)のフォーマット,,,
LVIF,27.3.1 電圧検出レジスタ(LVIM),図27-2電圧検出レジスタ(LVIM)のフォーマット,2,,
LVIOMSK,27.3.1 電圧検出レジスタ(LVIM),図27-2電圧検出レジスタ(LVIM)のフォーマット,4,,
LVISEN,27.3.1 電圧検出レジスタ(LVIM),図27-2電圧検出レジスタ(LVIM)のフォーマット,2,,
LVIS,27.3.2 電圧検出レベル・レジスタ(LVIS),図27-3電圧検出レベル・レジスタ(LVIS)のフォーマット,,,
LVILV,27.3.2 電圧検出レベル・レジスタ(LVIS),図27-3電圧検出レベル・レジスタ(LVIS)のフォーマット,2,,
LVIMD,27.3.2 電圧検出レベル・レジスタ(LVIS),図27-3電圧検出レベル・レジスタ(LVIS)のフォーマット,2,,
WDTE,12.3.1 ウォッチドッグ・タイマ・イネーブル・レジスタ(WDTE),図12-2ウォッチドッグ・タイマ・イネーブル・レジスタ(WDTE)のフォーマット,,,
CRCIN,28.3.2 CRC演算機能(汎用CRC),図28-4CRC入力レジスタ(CRCIN)のフォーマット,,,
IF2,"22.3.1 割り込み要求フラグ・レジスタ(IF0L, IF0H, IF1L, IF1H, IF2L, IF2H)","図22-2割り込み要求フラグ・レジスタ(IF0L,IF0H,IF1L,IF1H,IF2L,IF2H)のフォーマット",,,
CMPIF0,"22.3.1 割り込み要求フラグ・レジスタ(IF0L, IF0H, IF1L, IF1H, IF2L, IF2H)","図22-2割り込み要求フラグ・レジスタ(IF0L,IF0H,IF1L,IF1H,IF2L,IF2H)のフォーマット",1,,XXIFX
CMPIF1,"22.3.1 割り込み要求フラグ・レジスタ(IF0L, IF0H, IF1L, IF1H, IF2L, IF2H)","図22-2割り込み要求フラグ・レジスタ(IF0L,IF0H,IF1L,IF1H,IF2L,IF2H)のフォーマット",1,,XXIFX
DOCIF,"22.3.1 割り込み要求フラグ・レジスタ(IF0L, IF0H, IF1L, IF1H, IF2L, IF2H)","図22-2割り込み要求フラグ・レジスタ(IF0L,IF0H,IF1L,IF1H,IF2L,IF2H)のフォーマット",1,,XXIFX
ITIF00,"22.3.1 割り込み要求フラグ・レジスタ(IF0L, IF0H, IF1L, IF1H, IF2L, IF2H)","図22-2割り込み要求フラグ・レジスタ(IF0L,IF0H,IF1L,IF1H,IF2L,IF2H)のフォーマット",1,,XXIFX
ITIF01,"22.3.1 割り込み要求フラグ・レジスタ(IF0L, IF0H, IF1L, IF1H, IF2L, IF2H)","図22-2割り込み要求フラグ・レジスタ(IF0L,IF0H,IF1L,IF1H,IF2L,IF2H)のフォーマット",1,,XXIFX
TMKBIF0,"22.3.1 割り込み要求フラグ・レジスタ(IF0L, IF0H, IF1L, IF1H, IF2L, IF2H)","図22-2割り込み要求フラグ・レジスタ(IF0L,IF0H,IF1L,IF1H,IF2L,IF2H)のフォーマット",1,,XXIFX
IICAIF1,"22.3.1 割り込み要求フラグ・レジスタ(IF0L, IF0H, IF1L, IF1H, IF2L, IF2H)","図22-2割り込み要求フラグ・レジスタ(IF0L,IF0H,IF1L,IF1H,IF2L,IF2H)のフォーマット",1,,XXIFX
FLIF,"22.3.1 割り込み要求フラグ・レジスタ(IF0L, IF0H, IF1L, IF1H, IF2L, IF2H)","図22-2割り込み要求フラグ・レジスタ(IF0L,IF0H,IF1L,IF1H,IF2L,IF2H)のフォーマット",1,,XXIFX
IF2L,"22.3.1 割り込み要求フラグ・レジスタ(IF0L, IF0H, IF1L, IF1H, IF2L, IF2H)","図22-2割り込み要求フラグ・レジスタ(IF0L,IF0H,IF1L,IF1H,IF2L,IF2H)のフォーマット",,,
IF2H,"22.3.1 割り込み要求フラグ・レジスタ(IF0L, IF0H, IF1L, IF1H, IF2L, IF2H)","図22-2割り込み要求フラグ・レジスタ(IF0L,IF0H,IF1L,IF1H,IF2L,IF2H)のフォーマット",,,
FOIF,"22.3.1 割り込み要求フラグ・レジスタ(IF0L, IF0H, IF1L, IF1H, IF2L, IF2H)","図22-2割り込み要求フラグ・レジスタ(IF0L,IF0H,IF1L,IF1H,IF2L,IF2H)のフォーマット",1,,XXIFX
MK2,"22.3.2 割り込みマスク・フラグ・レジスタ(MK0L, MK0H, MK1L, MK1H, MK2L, MK2H)","図22-3割り込みマスク・フラグ・レジスタ(MK0L,MK0H,MK1L,MK1H,MK2L,MK2H)のフォーマット",,,
CMPMK0,"22.3.2 割り込みマスク・フラグ・レジスタ(MK0L, MK0H, MK1L, MK1H, MK2L, MK2H)","図22-3割り込みマスク・フラグ・レジスタ(MK0L,MK0H,MK1L,MK1H,MK2L,MK2H)のフォーマット",1,,XXMKX
CMPMK1,"22.3.2 割り込みマスク・フラグ・レジスタ(MK0L, MK0H, MK1L, MK1H, MK2L, MK2H)","図22-3割り込みマスク・フラグ・レジスタ(MK0L,MK0H,MK1L,MK1H,MK2L,MK2H)のフォーマット",1,,XXMKX
DOCMK,"22.3.2 割り込みマスク・フラグ・レジスタ(MK0L, MK0H, MK1L, MK1H, MK2L, MK2H)","図22-3割り込みマスク・フラグ・レジスタ(MK0L,MK0H,MK1L,MK1H,MK2L,MK2H)のフォーマット",1,,XXMKX
ITMK00,"22.3.2 割り込みマスク・フラグ・レジスタ(MK0L, MK0H, MK1L, MK1H, MK2L, MK2H)","図22-3割り込みマスク・フラグ・レジスタ(MK0L,MK0H,MK1L,MK1H,MK2L,MK2H)のフォーマット",1,,XXMKX
ITMK01,"22.3.2 割り込みマスク・フラグ・レジスタ(MK0L, MK0H, MK1L, MK1H, MK2L, MK2H)","図22-3割り込みマスク・フラグ・レジスタ(MK0L,MK0H,MK1L,MK1H,MK2L,MK2H)のフォーマット",1,,XXMKX
TMKBMK0,"22.3.2 割り込みマスク・フラグ・レジスタ(MK0L, MK0H, MK1L, MK1H, MK2L, MK2H)","図22-3割り込みマスク・フラグ・レジスタ(MK0L,MK0H,MK1L,MK1H,MK2L,MK2H)のフォーマット",1,,XXMKX
IICAMK1,"22.3.2 割り込みマスク・フラグ・レジスタ(MK0L, MK0H, MK1L, MK1H, MK2L, MK2H)","図22-3割り込みマスク・フラグ・レジスタ(MK0L,MK0H,MK1L,MK1H,MK2L,MK2H)のフォーマット",1,,XXMKX
FLMK,"22.3.2 割り込みマスク・フラグ・レジスタ(MK0L, MK0H, MK1L, MK1H, MK2L, MK2H)","図22-3割り込みマスク・フラグ・レジスタ(MK0L,MK0H,MK1L,MK1H,MK2L,MK2H)のフォーマット",1,,XXMKX
MK2L,"22.3.2 割り込みマスク・フラグ・レジスタ(MK0L, MK0H, MK1L, MK1H, MK2L, MK2H)","図22-3割り込みマスク・フラグ・レジスタ(MK0L,MK0H,MK1L,MK1H,MK2L,MK2H)のフォーマット",,,
MK2H,"22.3.2 割り込みマスク・フラグ・レジスタ(MK0L, MK0H, MK1L, MK1H, MK2L, MK2H)","図22-3割り込みマスク・フラグ・レジスタ(MK0L,MK0H,MK1L,MK1H,MK2L,MK2H)のフォーマット",,,
FOMK,"22.3.2 割り込みマスク・フラグ・レジスタ(MK0L, MK0H, MK1L, MK1H, MK2L, MK2H)","図22-3割り込みマスク・フラグ・レジスタ(MK0L,MK0H,MK1L,MK1H,MK2L,MK2H)のフォーマット",1,,XXMKX
PR02,"22.3.3 優先順位指定フラグ・レジスタ(PR00L, PR00H, PR01L, PR01H, PR02L, PR02H, PR10L, PR10H, PR11L, PR11H, PR12L, PR12H)","図22-4優先順位指定フラグ・レジスタ(PR00L,PR00H,PR01L,PR01H,PR02L,PR02H,PR10L,PR10H,PR11L,PR11H,PR12L,PR12H)のフォーマット(1/2)",,,
CMPPR00,"22.3.3 優先順位指定フラグ・レジスタ(PR00L, PR00H, PR01L, PR01H, PR02L, PR02H, PR10L, PR10H, PR11L, PR11H, PR12L, PR12H)","図22-4優先順位指定フラグ・レジスタ(PR00L,PR00H,PR01L,PR01H,PR02L,PR02H,PR10L,PR10H,PR11L,PR11H,PR12L,PR12H)のフォーマット(2/2)",1,,XXPR1X
CMPPR01,"22.3.3 優先順位指定フラグ・レジスタ(PR00L, PR00H, PR01L, PR01H, PR02L, PR02H, PR10L, PR10H, PR11L, PR11H, PR12L, PR12H)","図22-4優先順位指定フラグ・レジスタ(PR00L,PR00H,PR01L,PR01H,PR02L,PR02H,PR10L,PR10H,PR11L,PR11H,PR12L,PR12H)のフォーマット(2/2)",1,,XXPR1X
DOCPR0,"22.3.3 優先順位指定フラグ・レジスタ(PR00L, PR00H, PR01L, PR01H, PR02L, PR02H, PR10L, PR10H, PR11L, PR11H, PR12L, PR12H)","図22-4優先順位指定フラグ・レジスタ(PR00L,PR00H,PR01L,PR01H,PR02L,PR02H,PR10L,PR10H,PR11L,PR11H,PR12L,PR12H)のフォーマット(2/2)",1,,XXPR1X
ITPR000,"22.3.3 優先順位指定フラグ・レジスタ(PR00L, PR00H, PR01L, PR01H, PR02L, PR02H, PR10L, PR10H, PR11L, PR11H, PR12L, PR12H)","図22-4優先順位指定フラグ・レジスタ(PR00L,PR00H,PR01L,PR01H,PR02L,PR02H,PR10L,PR10H,PR11L,PR11H,PR12L,PR12H)のフォーマット(2/2)",1,,XXPR1X
ITPR001,"22.3.3 優先順位指定フラグ・レジスタ(PR00L, PR00H, PR01L, PR01H, PR02L, PR02H, PR10L, PR10H, PR11L, PR11H, PR12L, PR12H)","図22-4優先順位指定フラグ・レジスタ(PR00L,PR00H,PR01L,PR01H,PR02L,PR02H,PR10L,PR10H,PR11L,PR11H,PR12L,PR12H)のフォーマット(2/2)",1,,XXPR1X
TMKBPR00,"22.3.3 優先順位指定フラグ・レジスタ(PR00L, PR00H, PR01L, PR01H, PR02L, PR02H, PR10L, PR10H, PR11L, PR11H, PR12L, PR12H)","図22-4優先順位指定フラグ・レジスタ(PR00L,PR00H,PR01L,PR01H,PR02L,PR02H,PR10L,PR10H,PR11L,PR11H,PR12L,PR12H)のフォーマット(2/2)",1,,XXPR1X
IICAPR01,"22.3.3 優先順位指定フラグ・レジスタ(PR00L, PR00H, PR01L, PR01H, PR02L, PR02H, PR10L, PR10H, PR11L, PR11H, PR12L, PR12H)","図22-4優先順位指定フラグ・レジスタ(PR00L,PR00H,PR01L,PR01H,PR02L,PR02H,PR10L,PR10H,PR11L,PR11H,PR12L,PR12H)のフォーマット(2/2)",1,,XXPR1X
FLPR0,"22.3.3 優先順位指定フラグ・レジスタ(PR00L, PR00H, PR01L, PR01H, PR02L, PR02H, PR10L, PR10H, PR11L, PR11H, PR12L, PR12H)","図22-4優先順位指定フラグ・レジスタ(PR00L,PR00H,PR01L,PR01H,PR02L,PR02H,PR10L,PR10H,PR11L,PR11H,PR12L,PR12H)のフォーマット(2/2)",1,,XXPR1X
PR02L,"22.3.3 優先順位指定フラグ・レジスタ(PR00L, PR00H, PR01L, PR01H, PR02L, PR02H, PR10L, PR10H, PR11L, PR11H, PR12L, PR12H)","図22-4優先順位指定フラグ・レジスタ(PR00L,PR00H,PR01L,PR01H,PR02L,PR02H,PR10L,PR10H,PR11L,PR11H,PR12L,PR12H)のフォーマット(1/2)",,,
PR02H,"22.3.3 優先順位指定フラグ・レジスタ(PR00L, PR00H, PR01L, PR01H, PR02L, PR02H, PR10L, PR10H, PR11L, PR11H, PR12L, PR12H)","図22-4優先順位指定フラグ・レジスタ(PR00L,PR00H,PR01L,PR01H,PR02L,PR02H,PR10L,PR10H,PR11L,PR11H,PR12L,PR12H)のフォーマット(1/2)",,,
FOPR0,"22.3.3 優先順位指定フラグ・レジスタ(PR00L, PR00H, PR01L, PR01H, PR02L, PR02H, PR10L, PR10H, PR11L, PR11H, PR12L, PR12H)","図22-4優先順位指定フラグ・レジスタ(PR00L,PR00H,PR01L,PR01H,PR02L,PR02H,PR10L,PR10H,PR11L,PR11H,PR12L,PR12H)のフォーマット(2/2)",1,,XXPR1X
PR12,"22.3.3 優先順位指定フラグ・レジスタ(PR00L, PR00H, PR01L, PR01H, PR02L, PR02H, PR10L, PR10H, PR11L, PR11H, PR12L, PR12H)","図22-4優先順位指定フラグ・レジスタ(PR00L,PR00H,PR01L,PR01H,PR02L,PR02H,PR10L,PR10H,PR11L,PR11H,PR12L,PR12H)のフォーマット(1/2)",,,
CMPPR10,"22.3.3 優先順位指定フラグ・レジスタ(PR00L, PR00H, PR01L, PR01H, PR02L, PR02H, PR10L, PR10H, PR11L, PR11H, PR12L, PR12H)","図22-4優先順位指定フラグ・レジスタ(PR00L,PR00H,PR01L,PR01H,PR02L,PR02H,PR10L,PR10H,PR11L,PR11H,PR12L,PR12H)のフォーマット(2/2)",1,,XXPR1X
CMPPR11,"22.3.3 優先順位指定フラグ・レジスタ(PR00L, PR00H, PR01L, PR01H, PR02L, PR02H, PR10L, PR10H, PR11L, PR11H, PR12L, PR12H)","図22-4優先順位指定フラグ・レジスタ(PR00L,PR00H,PR01L,PR01H,PR02L,PR02H,PR10L,PR10H,PR11L,PR11H,PR12L,PR12H)のフォーマット(2/2)",1,,XXPR1X
DOCPR1,"22.3.3 優先順位指定フラグ・レジスタ(PR00L, PR00H, PR01L, PR01H, PR02L, PR02H, PR10L, PR10H, PR11L, PR11H, PR12L, PR12H)","図22-4優先順位指定フラグ・レジスタ(PR00L,PR00H,PR01L,PR01H,PR02L,PR02H,PR10L,PR10H,PR11L,PR11H,PR12L,PR12H)のフォーマット(2/2)",1,,XXPR1X
ITPR100,"22.3.3 優先順位指定フラグ・レジスタ(PR00L, PR00H, PR01L, PR01H, PR02L, PR02H, PR10L, PR10H, PR11L, PR11H, PR12L, PR12H)","図22-4優先順位指定フラグ・レジスタ(PR00L,PR00H,PR01L,PR01H,PR02L,PR02H,PR10L,PR10H,PR11L,PR11H,PR12L,PR12H)のフォーマット(2/2)",1,,XXPR1X
ITPR101,"22.3.3 優先順位指定フラグ・レジスタ(PR00L, PR00H, PR01L, PR01H, PR02L, PR02H, PR10L, PR10H, PR11L, PR11H, PR12L, PR12H)","図22-4優先順位指定フラグ・レジスタ(PR00L,PR00H,PR01L,PR01H,PR02L,PR02H,PR10L,PR10H,PR11L,PR11H,PR12L,PR12H)のフォーマット(2/2)",1,,XXPR1X
TMKBPR10,"22.3.3 優先順位指定フラグ・レジスタ(PR00L, PR00H, PR01L, PR01H, PR02L, PR02H, PR10L, PR10H, PR11L, PR11H, PR12L, PR12H)","図22-4優先順位指定フラグ・レジスタ(PR00L,PR00H,PR01L,PR01H,PR02L,PR02H,PR10L,PR10H,PR11L,PR11H,PR12L,PR12H)のフォーマット(2/2)",1,,XXPR1X
IICAPR11,"22.3.3 優先順位指定フラグ・レジスタ(PR00L, PR00H, PR01L, PR01H, PR02L, PR02H, PR10L, PR10H, PR11L, PR11H, PR12L, PR12H)","図22-4優先順位指定フラグ・レジスタ(PR00L,PR00H,PR01L,PR01H,PR02L,PR02H,PR10L,PR10H,PR11L,PR11H,PR12L,PR12H)のフォーマット(2/2)",1,,XXPR1X
FLPR1,"22.3.3 優先順位指定フラグ・レジスタ(PR00L, PR00H, PR01L, PR01H, PR02L, PR02H, PR10L, PR10H, PR11L, PR11H, PR12L, PR12H)","図22-4優先順位指定フラグ・レジスタ(PR00L,PR00H,PR01L,PR01H,PR02L,PR02H,PR10L,PR10H,PR11L,PR11H,PR12L,PR12H)のフォーマット(2/2)",1,,XXPR1X
PR12L,"22.3.3 優先順位指定フラグ・レジスタ(PR00L, PR00H, PR01L, PR01H, PR02L, PR02H, PR10L, PR10H, PR11L, PR11H, PR12L, PR12H)","図22-4優先順位指定フラグ・レジスタ(PR00L,PR00H,PR01L,PR01H,PR02L,PR02H,PR10L,PR10H,PR11L,PR11H,PR12L,PR12H)のフォーマット(1/2)",,,
PR12H,"22.3.3 優先順位指定フラグ・レジスタ(PR00L, PR00H, PR01L, PR01H, PR02L, PR02H, PR10L, PR10H, PR11L, PR11H, PR12L, PR12H)","図22-4優先順位指定フラグ・レジスタ(PR00L,PR00H,PR01L,PR01H,PR02L,PR02H,PR10L,PR10H,PR11L,PR11H,PR12L,PR12H)のフォーマット(1/2)",,,
FOPR1,"22.3.3 優先順位指定フラグ・レジスタ(PR00L, PR00H, PR01L, PR01H, PR02L, PR02H, PR10L, PR10H, PR11L, PR11H, PR12L, PR12H)","図22-4優先順位指定フラグ・レジスタ(PR00L,PR00H,PR01L,PR01H,PR02L,PR02H,PR10L,PR10H,PR11L,PR11H,PR12L,PR12H)のフォーマット(2/2)",1,,XXPR1X
IF0,"22.3.1 割り込み要求フラグ・レジスタ(IF0L, IF0H, IF1L, IF1H, IF2L, IF2H)","図22-2割り込み要求フラグ・レジスタ(IF0L,IF0H,IF1L,IF1H,IF2L,IF2H)のフォーマット",,,
WDTIIF,"22.3.1 割り込み要求フラグ・レジスタ(IF0L, IF0H, IF1L, IF1H, IF2L, IF2H)","図22-2割り込み要求フラグ・レジスタ(IF0L,IF0H,IF1L,IF1H,IF2L,IF2H)のフォーマット",1,,XXIFX
LVIIF,"22.3.1 割り込み要求フラグ・レジスタ(IF0L, IF0H, IF1L, IF1H, IF2L, IF2H)","図22-2割り込み要求フラグ・レジスタ(IF0L,IF0H,IF1L,IF1H,IF2L,IF2H)のフォーマット",1,,XXIFX
PIF0,"22.3.1 割り込み要求フラグ・レジスタ(IF0L, IF0H, IF1L, IF1H, IF2L, IF2H)","図22-2割り込み要求フラグ・レジスタ(IF0L,IF0H,IF1L,IF1H,IF2L,IF2H)のフォーマット",1,,XXIFX
PIF1,"22.3.1 割り込み要求フラグ・レジスタ(IF0L, IF0H, IF1L, IF1H, IF2L, IF2H)","図22-2割り込み要求フラグ・レジスタ(IF0L,IF0H,IF1L,IF1H,IF2L,IF2H)のフォーマット",1,,XXIFX
PIF2,"22.3.1 割り込み要求フラグ・レジスタ(IF0L, IF0H, IF1L, IF1H, IF2L, IF2H)","図22-2割り込み要求フラグ・レジスタ(IF0L,IF0H,IF1L,IF1H,IF2L,IF2H)のフォーマット",1,,XXIFX
PIF3,"22.3.1 割り込み要求フラグ・レジスタ(IF0L, IF0H, IF1L, IF1H, IF2L, IF2H)","図22-2割り込み要求フラグ・レジスタ(IF0L,IF0H,IF1L,IF1H,IF2L,IF2H)のフォーマット",1,,XXIFX
PIF4,"22.3.1 割り込み要求フラグ・レジスタ(IF0L, IF0H, IF1L, IF1H, IF2L, IF2H)","図22-2割り込み要求フラグ・レジスタ(IF0L,IF0H,IF1L,IF1H,IF2L,IF2H)のフォーマット",1,,XXIFX
PIF5,"22.3.1 割り込み要求フラグ・レジスタ(IF0L, IF0H, IF1L, IF1H, IF2L, IF2H)","図22-2割り込み要求フラグ・レジスタ(IF0L,IF0H,IF1L,IF1H,IF2L,IF2H)のフォーマット",1,,XXIFX
IF0L,"22.3.1 割り込み要求フラグ・レジスタ(IF0L, IF0H, IF1L, IF1H, IF2L, IF2H)","図22-2割り込み要求フラグ・レジスタ(IF0L,IF0H,IF1L,IF1H,IF2L,IF2H)のフォーマット",,,
IF0H,"22.3.1 割り込み要求フラグ・レジスタ(IF0L, IF0H, IF1L, IF1H, IF2L, IF2H)","図22-2割り込み要求フラグ・レジスタ(IF0L,IF0H,IF1L,IF1H,IF2L,IF2H)のフォーマット",,,
PIF6,"22.3.1 割り込み要求フラグ・レジスタ(IF0L, IF0H, IF1L, IF1H, IF2L, IF2H)","図22-2割り込み要求フラグ・レジスタ(IF0L,IF0H,IF1L,IF1H,IF2L,IF2H)のフォーマット",1,,XXIFX
CSIIF00,"22.3.1 割り込み要求フラグ・レジスタ(IF0L, IF0H, IF1L, IF1H, IF2L, IF2H)","図22-2割り込み要求フラグ・レジスタ(IF0L,IF0H,IF1L,IF1H,IF2L,IF2H)のフォーマット",1,,XXIFX
IICIF00,"22.3.1 割り込み要求フラグ・レジスタ(IF0L, IF0H, IF1L, IF1H, IF2L, IF2H)","図22-2割り込み要求フラグ・レジスタ(IF0L,IF0H,IF1L,IF1H,IF2L,IF2H)のフォーマット",1,,XXIFX
STIF0,"22.3.1 割り込み要求フラグ・レジスタ(IF0L, IF0H, IF1L, IF1H, IF2L, IF2H)","図22-2割り込み要求フラグ・レジスタ(IF0L,IF0H,IF1L,IF1H,IF2L,IF2H)のフォーマット",1,,XXIFX
CSIIF01,"22.3.1 割り込み要求フラグ・レジスタ(IF0L, IF0H, IF1L, IF1H, IF2L, IF2H)","図22-2割り込み要求フラグ・レジスタ(IF0L,IF0H,IF1L,IF1H,IF2L,IF2H)のフォーマット",1,,XXIFX
IICIF01,"22.3.1 割り込み要求フラグ・レジスタ(IF0L, IF0H, IF1L, IF1H, IF2L, IF2H)","図22-2割り込み要求フラグ・レジスタ(IF0L,IF0H,IF1L,IF1H,IF2L,IF2H)のフォーマット",1,,XXIFX
SRIF0,"22.3.1 割り込み要求フラグ・レジスタ(IF0L, IF0H, IF1L, IF1H, IF2L, IF2H)","図22-2割り込み要求フラグ・レジスタ(IF0L,IF0H,IF1L,IF1H,IF2L,IF2H)のフォーマット",1,,XXIFX
SREIF0,"22.3.1 割り込み要求フラグ・レジスタ(IF0L, IF0H, IF1L, IF1H, IF2L, IF2H)","図22-2割り込み要求フラグ・レジスタ(IF0L,IF0H,IF1L,IF1H,IF2L,IF2H)のフォーマット",1,,XXIFX
TMIF00,"22.3.1 割り込み要求フラグ・レジスタ(IF0L, IF0H, IF1L, IF1H, IF2L, IF2H)","図22-2割り込み要求フラグ・レジスタ(IF0L,IF0H,IF1L,IF1H,IF2L,IF2H)のフォーマット",1,,XXIFX
CSIIF10,"22.3.1 割り込み要求フラグ・レジスタ(IF0L, IF0H, IF1L, IF1H, IF2L, IF2H)","図22-2割り込み要求フラグ・レジスタ(IF0L,IF0H,IF1L,IF1H,IF2L,IF2H)のフォーマット",1,,XXIFX
IICIF10,"22.3.1 割り込み要求フラグ・レジスタ(IF0L, IF0H, IF1L, IF1H, IF2L, IF2H)","図22-2割り込み要求フラグ・レジスタ(IF0L,IF0H,IF1L,IF1H,IF2L,IF2H)のフォーマット",1,,XXIFX
STIF1,"22.3.1 割り込み要求フラグ・レジスタ(IF0L, IF0H, IF1L, IF1H, IF2L, IF2H)","図22-2割り込み要求フラグ・レジスタ(IF0L,IF0H,IF1L,IF1H,IF2L,IF2H)のフォーマット",1,,XXIFX
IF1,"22.3.1 割り込み要求フラグ・レジスタ(IF0L, IF0H, IF1L, IF1H, IF2L, IF2H)","図22-2割り込み要求フラグ・レジスタ(IF0L,IF0H,IF1L,IF1H,IF2L,IF2H)のフォーマット",,,
CSIIF11,"22.3.1 割り込み要求フラグ・レジスタ(IF0L, IF0H, IF1L, IF1H, IF2L, IF2H)","図22-2割り込み要求フラグ・レジスタ(IF0L,IF0H,IF1L,IF1H,IF2L,IF2H)のフォーマット",1,,XXIFX
IICIF11,"22.3.1 割り込み要求フラグ・レジスタ(IF0L, IF0H, IF1L, IF1H, IF2L, IF2H)","図22-2割り込み要求フラグ・レジスタ(IF0L,IF0H,IF1L,IF1H,IF2L,IF2H)のフォーマット",1,,XXIFX
SRIF1,"22.3.1 割り込み要求フラグ・レジスタ(IF0L, IF0H, IF1L, IF1H, IF2L, IF2H)","図22-2割り込み要求フラグ・レジスタ(IF0L,IF0H,IF1L,IF1H,IF2L,IF2H)のフォーマット",1,,XXIFX
SREIF1,"22.3.1 割り込み要求フラグ・レジスタ(IF0L, IF0H, IF1L, IF1H, IF2L, IF2H)","図22-2割り込み要求フラグ・レジスタ(IF0L,IF0H,IF1L,IF1H,IF2L,IF2H)のフォーマット",1,,XXIFX
IICAIF0,"22.3.1 割り込み要求フラグ・レジスタ(IF0L, IF0H, IF1L, IF1H, IF2L, IF2H)","図22-2割り込み要求フラグ・レジスタ(IF0L,IF0H,IF1L,IF1H,IF2L,IF2H)のフォーマット",1,,XXIFX
TMIF01H,"22.3.1 割り込み要求フラグ・レジスタ(IF0L, IF0H, IF1L, IF1H, IF2L, IF2H)","図22-2割り込み要求フラグ・レジスタ(IF0L,IF0H,IF1L,IF1H,IF2L,IF2H)のフォーマット",1,,XXIFX
TMIF03H,"22.3.1 割り込み要求フラグ・レジスタ(IF0L, IF0H, IF1L, IF1H, IF2L, IF2H)","図22-2割り込み要求フラグ・レジスタ(IF0L,IF0H,IF1L,IF1H,IF2L,IF2H)のフォーマット",1,,XXIFX
TMIF01,"22.3.1 割り込み要求フラグ・レジスタ(IF0L, IF0H, IF1L, IF1H, IF2L, IF2H)","図22-2割り込み要求フラグ・レジスタ(IF0L,IF0H,IF1L,IF1H,IF2L,IF2H)のフォーマット",1,,XXIFX
TMIF02,"22.3.1 割り込み要求フラグ・レジスタ(IF0L, IF0H, IF1L, IF1H, IF2L, IF2H)","図22-2割り込み要求フラグ・レジスタ(IF0L,IF0H,IF1L,IF1H,IF2L,IF2H)のフォーマット",1,,XXIFX
TMIF03,"22.3.1 割り込み要求フラグ・レジスタ(IF0L, IF0H, IF1L, IF1H, IF2L, IF2H)","図22-2割り込み要求フラグ・レジスタ(IF0L,IF0H,IF1L,IF1H,IF2L,IF2H)のフォーマット",1,,XXIFX
IF1L,"22.3.1 割り込み要求フラグ・レジスタ(IF0L, IF0H, IF1L, IF1H, IF2L, IF2H)","図22-2割り込み要求フラグ・レジスタ(IF0L,IF0H,IF1L,IF1H,IF2L,IF2H)のフォーマット",,,
IF1H,"22.3.1 割り込み要求フラグ・レジスタ(IF0L, IF0H, IF1L, IF1H, IF2L, IF2H)","図22-2割り込み要求フラグ・レジスタ(IF0L,IF0H,IF1L,IF1H,IF2L,IF2H)のフォーマット",,,
ADIF,"22.3.1 割り込み要求フラグ・レジスタ(IF0L, IF0H, IF1L, IF1H, IF2L, IF2H)","図22-2割り込み要求フラグ・レジスタ(IF0L,IF0H,IF1L,IF1H,IF2L,IF2H)のフォーマット",1,,XXIFX
TMKAIF,"22.3.1 割り込み要求フラグ・レジスタ(IF0L, IF0H, IF1L, IF1H, IF2L, IF2H)","図22-2割り込み要求フラグ・レジスタ(IF0L,IF0H,IF1L,IF1H,IF2L,IF2H)のフォーマット",1,,XXIFX
KRIF,"22.3.1 割り込み要求フラグ・レジスタ(IF0L, IF0H, IF1L, IF1H, IF2L, IF2H)","図22-2割り込み要求フラグ・レジスタ(IF0L,IF0H,IF1L,IF1H,IF2L,IF2H)のフォーマット",1,,XXIFX
PIF7,"22.3.1 割り込み要求フラグ・レジスタ(IF0L, IF0H, IF1L, IF1H, IF2L, IF2H)","図22-2割り込み要求フラグ・レジスタ(IF0L,IF0H,IF1L,IF1H,IF2L,IF2H)のフォーマット",1,,XXIFX
PIF8,"22.3.1 割り込み要求フラグ・レジスタ(IF0L, IF0H, IF1L, IF1H, IF2L, IF2H)","図22-2割り込み要求フラグ・レジスタ(IF0L,IF0H,IF1L,IF1H,IF2L,IF2H)のフォーマット",1,,XXIFX
PIF9,"22.3.1 割り込み要求フラグ・レジスタ(IF0L, IF0H, IF1L, IF1H, IF2L, IF2H)","図22-2割り込み要求フラグ・レジスタ(IF0L,IF0H,IF1L,IF1H,IF2L,IF2H)のフォーマット",1,,XXIFX
PIF10,"22.3.1 割り込み要求フラグ・レジスタ(IF0L, IF0H, IF1L, IF1H, IF2L, IF2H)","図22-2割り込み要求フラグ・レジスタ(IF0L,IF0H,IF1L,IF1H,IF2L,IF2H)のフォーマット",1,,XXIFX
PIF11,"22.3.1 割り込み要求フラグ・レジスタ(IF0L, IF0H, IF1L, IF1H, IF2L, IF2H)","図22-2割り込み要求フラグ・レジスタ(IF0L,IF0H,IF1L,IF1H,IF2L,IF2H)のフォーマット",1,,XXIFX
MK0,"22.3.2 割り込みマスク・フラグ・レジスタ(MK0L, MK0H, MK1L, MK1H, MK2L, MK2H)","図22-3割り込みマスク・フラグ・レジスタ(MK0L,MK0H,MK1L,MK1H,MK2L,MK2H)のフォーマット",,,
WDTIMK,"22.3.2 割り込みマスク・フラグ・レジスタ(MK0L, MK0H, MK1L, MK1H, MK2L, MK2H)","図22-3割り込みマスク・フラグ・レジスタ(MK0L,MK0H,MK1L,MK1H,MK2L,MK2H)のフォーマット",1,,XXMKX
LVIMK,"22.3.2 割り込みマスク・フラグ・レジスタ(MK0L, MK0H, MK1L, MK1H, MK2L, MK2H)","図22-3割り込みマスク・フラグ・レジスタ(MK0L,MK0H,MK1L,MK1H,MK2L,MK2H)のフォーマット",1,,XXMKX
PMK0,"22.3.2 割り込みマスク・フラグ・レジスタ(MK0L, MK0H, MK1L, MK1H, MK2L, MK2H)","図22-3割り込みマスク・フラグ・レジスタ(MK0L,MK0H,MK1L,MK1H,MK2L,MK2H)のフォーマット",1,,XXMKX
PMK1,"22.3.2 割り込みマスク・フラグ・レジスタ(MK0L, MK0H, MK1L, MK1H, MK2L, MK2H)","図22-3割り込みマスク・フラグ・レジスタ(MK0L,MK0H,MK1L,MK1H,MK2L,MK2H)のフォーマット",1,,XXMKX
PMK2,"22.3.2 割り込みマスク・フラグ・レジスタ(MK0L, MK0H, MK1L, MK1H, MK2L, MK2H)","図22-3割り込みマスク・フラグ・レジスタ(MK0L,MK0H,MK1L,MK1H,MK2L,MK2H)のフォーマット",1,,XXMKX
PMK3,"22.3.2 割り込みマスク・フラグ・レジスタ(MK0L, MK0H, MK1L, MK1H, MK2L, MK2H)","図22-3割り込みマスク・フラグ・レジスタ(MK0L,MK0H,MK1L,MK1H,MK2L,MK2H)のフォーマット",1,,XXMKX
PMK4,"22.3.2 割り込みマスク・フラグ・レジスタ(MK0L, MK0H, MK1L, MK1H, MK2L, MK2H)","図22-3割り込みマスク・フラグ・レジスタ(MK0L,MK0H,MK1L,MK1H,MK2L,MK2H)のフォーマット",1,,XXMKX
PMK5,"22.3.2 割り込みマスク・フラグ・レジスタ(MK0L, MK0H, MK1L, MK1H, MK2L, MK2H)","図22-3割り込みマスク・フラグ・レジスタ(MK0L,MK0H,MK1L,MK1H,MK2L,MK2H)のフォーマット",1,,XXMKX
MK0L,"22.3.2 割り込みマスク・フラグ・レジスタ(MK0L, MK0H, MK1L, MK1H, MK2L, MK2H)","図22-3割り込みマスク・フラグ・レジスタ(MK0L,MK0H,MK1L,MK1H,MK2L,MK2H)のフォーマット",,,
MK0H,"22.3.2 割り込みマスク・フラグ・レジスタ(MK0L, MK0H, MK1L, MK1H, MK2L, MK2H)","図22-3割り込みマスク・フラグ・レジスタ(MK0L,MK0H,MK1L,MK1H,MK2L,MK2H)のフォーマット",,,
PMK6,"22.3.2 割り込みマスク・フラグ・レジスタ(MK0L, MK0H, MK1L, MK1H, MK2L, MK2H)","図22-3割り込みマスク・フラグ・レジスタ(MK0L,MK0H,MK1L,MK1H,MK2L,MK2H)のフォーマット",1,,XXMKX
CSIMK00,"22.3.2 割り込みマスク・フラグ・レジスタ(MK0L, MK0H, MK1L, MK1H, MK2L, MK2H)","図22-3割り込みマスク・フラグ・レジスタ(MK0L,MK0H,MK1L,MK1H,MK2L,MK2H)のフォーマット",1,,XXMKX
IICMK00,"22.3.2 割り込みマスク・フラグ・レジスタ(MK0L, MK0H, MK1L, MK1H, MK2L, MK2H)","図22-3割り込みマスク・フラグ・レジスタ(MK0L,MK0H,MK1L,MK1H,MK2L,MK2H)のフォーマット",1,,XXMKX
STMK0,"22.3.2 割り込みマスク・フラグ・レジスタ(MK0L, MK0H, MK1L, MK1H, MK2L, MK2H)","図22-3割り込みマスク・フラグ・レジスタ(MK0L,MK0H,MK1L,MK1H,MK2L,MK2H)のフォーマット",1,,XXMKX
CSIMK01,"22.3.2 割り込みマスク・フラグ・レジスタ(MK0L, MK0H, MK1L, MK1H, MK2L, MK2H)","図22-3割り込みマスク・フラグ・レジスタ(MK0L,MK0H,MK1L,MK1H,MK2L,MK2H)のフォーマット",1,,XXMKX
IICMK01,"22.3.2 割り込みマスク・フラグ・レジスタ(MK0L, MK0H, MK1L, MK1H, MK2L, MK2H)","図22-3割り込みマスク・フラグ・レジスタ(MK0L,MK0H,MK1L,MK1H,MK2L,MK2H)のフォーマット",1,,XXMKX
SRMK0,"22.3.2 割り込みマスク・フラグ・レジスタ(MK0L, MK0H, MK1L, MK1H, MK2L, MK2H)","図22-3割り込みマスク・フラグ・レジスタ(MK0L,MK0H,MK1L,MK1H,MK2L,MK2H)のフォーマット",1,,XXMKX
SREMK0,"22.3.2 割り込みマスク・フラグ・レジスタ(MK0L, MK0H, MK1L, MK1H, MK2L, MK2H)","図22-3割り込みマスク・フラグ・レジスタ(MK0L,MK0H,MK1L,MK1H,MK2L,MK2H)のフォーマット",1,,XXMKX
TMMK00,"22.3.2 割り込みマスク・フラグ・レジスタ(MK0L, MK0H, MK1L, MK1H, MK2L, MK2H)","図22-3割り込みマスク・フラグ・レジスタ(MK0L,MK0H,MK1L,MK1H,MK2L,MK2H)のフォーマット",1,,XXMKX
CSIMK10,"22.3.2 割り込みマスク・フラグ・レジスタ(MK0L, MK0H, MK1L, MK1H, MK2L, MK2H)","図22-3割り込みマスク・フラグ・レジスタ(MK0L,MK0H,MK1L,MK1H,MK2L,MK2H)のフォーマット",1,,XXMKX
IICMK10,"22.3.2 割り込みマスク・フラグ・レジスタ(MK0L, MK0H, MK1L, MK1H, MK2L, MK2H)","図22-3割り込みマスク・フラグ・レジスタ(MK0L,MK0H,MK1L,MK1H,MK2L,MK2H)のフォーマット",1,,XXMKX
STMK1,"22.3.2 割り込みマスク・フラグ・レジスタ(MK0L, MK0H, MK1L, MK1H, MK2L, MK2H)","図22-3割り込みマスク・フラグ・レジスタ(MK0L,MK0H,MK1L,MK1H,MK2L,MK2H)のフォーマット",1,,XXMKX
MK1,"22.3.2 割り込みマスク・フラグ・レジスタ(MK0L, MK0H, MK1L, MK1H, MK2L, MK2H)","図22-3割り込みマスク・フラグ・レジスタ(MK0L,MK0H,MK1L,MK1H,MK2L,MK2H)のフォーマット",,,
CSIMK11,"22.3.2 割り込みマスク・フラグ・レジスタ(MK0L, MK0H, MK1L, MK1H, MK2L, MK2H)","図22-3割り込みマスク・フラグ・レジスタ(MK0L,MK0H,MK1L,MK1H,MK2L,MK2H)のフォーマット",1,,XXMKX
IICMK11,"22.3.2 割り込みマスク・フラグ・レジスタ(MK0L, MK0H, MK1L, MK1H, MK2L, MK2H)","図22-3割り込みマスク・フラグ・レジスタ(MK0L,MK0H,MK1L,MK1H,MK2L,MK2H)のフォーマット",1,,XXMKX
SRMK1,"22.3.2 割り込みマスク・フラグ・レジスタ(MK0L, MK0H, MK1L, MK1H, MK2L, MK2H)","図22-3割り込みマスク・フラグ・レジスタ(MK0L,MK0H,MK1L,MK1H,MK2L,MK2H)のフォーマット",1,,XXMKX
SREMK1,"22.3.2 割り込みマスク・フラグ・レジスタ(MK0L, MK0H, MK1L, MK1H, MK2L, MK2H)","図22-3割り込みマスク・フラグ・レジスタ(MK0L,MK0H,MK1L,MK1H,MK2L,MK2H)のフォーマット",1,,XXMKX
IICAMK0,"22.3.2 割り込みマスク・フラグ・レジスタ(MK0L, MK0H, MK1L, MK1H, MK2L, MK2H)","図22-3割り込みマスク・フラグ・レジスタ(MK0L,MK0H,MK1L,MK1H,MK2L,MK2H)のフォーマット",1,,XXMKX
TMMK01H,"22.3.2 割り込みマスク・フラグ・レジスタ(MK0L, MK0H, MK1L, MK1H, MK2L, MK2H)","図22-3割り込みマスク・フラグ・レジスタ(MK0L,MK0H,MK1L,MK1H,MK2L,MK2H)のフォーマット",1,,XXMKX
TMMK03H,"22.3.2 割り込みマスク・フラグ・レジスタ(MK0L, MK0H, MK1L, MK1H, MK2L, MK2H)","図22-3割り込みマスク・フラグ・レジスタ(MK0L,MK0H,MK1L,MK1H,MK2L,MK2H)のフォーマット",1,,XXMKX
TMMK01,"22.3.2 割り込みマスク・フラグ・レジスタ(MK0L, MK0H, MK1L, MK1H, MK2L, MK2H)","図22-3割り込みマスク・フラグ・レジスタ(MK0L,MK0H,MK1L,MK1H,MK2L,MK2H)のフォーマット",1,,XXMKX
TMMK02,"22.3.2 割り込みマスク・フラグ・レジスタ(MK0L, MK0H, MK1L, MK1H, MK2L, MK2H)","図22-3割り込みマスク・フラグ・レジスタ(MK0L,MK0H,MK1L,MK1H,MK2L,MK2H)のフォーマット",1,,XXMKX
TMMK03,"22.3.2 割り込みマスク・フラグ・レジスタ(MK0L, MK0H, MK1L, MK1H, MK2L, MK2H)","図22-3割り込みマスク・フラグ・レジスタ(MK0L,MK0H,MK1L,MK1H,MK2L,MK2H)のフォーマット",1,,XXMKX
MK1L,"22.3.2 割り込みマスク・フラグ・レジスタ(MK0L, MK0H, MK1L, MK1H, MK2L, MK2H)","図22-3割り込みマスク・フラグ・レジスタ(MK0L,MK0H,MK1L,MK1H,MK2L,MK2H)のフォーマット",,,
MK1H,"22.3.2 割り込みマスク・フラグ・レジスタ(MK0L, MK0H, MK1L, MK1H, MK2L, MK2H)","図22-3割り込みマスク・フラグ・レジスタ(MK0L,MK0H,MK1L,MK1H,MK2L,MK2H)のフォーマット",,,
ADMK,"22.3.2 割り込みマスク・フラグ・レジスタ(MK0L, MK0H, MK1L, MK1H, MK2L, MK2H)","図22-3割り込みマスク・フラグ・レジスタ(MK0L,MK0H,MK1L,MK1H,MK2L,MK2H)のフォーマット",1,,XXMKX
TMKAMK,"22.3.2 割り込みマスク・フラグ・レジスタ(MK0L, MK0H, MK1L, MK1H, MK2L, MK2H)","図22-3割り込みマスク・フラグ・レジスタ(MK0L,MK0H,MK1L,MK1H,MK2L,MK2H)のフォーマット",1,,XXMKX
KRMK,"22.3.2 割り込みマスク・フラグ・レジスタ(MK0L, MK0H, MK1L, MK1H, MK2L, MK2H)","図22-3割り込みマスク・フラグ・レジスタ(MK0L,MK0H,MK1L,MK1H,MK2L,MK2H)のフォーマット",1,,XXMKX
PMK7,"22.3.2 割り込みマスク・フラグ・レジスタ(MK0L, MK0H, MK1L, MK1H, MK2L, MK2H)","図22-3割り込みマスク・フラグ・レジスタ(MK0L,MK0H,MK1L,MK1H,MK2L,MK2H)のフォーマット",1,,XXMKX
PMK8,"22.3.2 割り込みマスク・フラグ・レジスタ(MK0L, MK0H, MK1L, MK1H, MK2L, MK2H)","図22-3割り込みマスク・フラグ・レジスタ(MK0L,MK0H,MK1L,MK1H,MK2L,MK2H)のフォーマット",1,,XXMKX
PMK9,"22.3.2 割り込みマスク・フラグ・レジスタ(MK0L, MK0H, MK1L, MK1H, MK2L, MK2H)","図22-3割り込みマスク・フラグ・レジスタ(MK0L,MK0H,MK1L,MK1H,MK2L,MK2H)のフォーマット",1,,XXMKX
PMK10,"22.3.2 割り込みマスク・フラグ・レジスタ(MK0L, MK0H, MK1L, MK1H, MK2L, MK2H)","図22-3割り込みマスク・フラグ・レジスタ(MK0L,MK0H,MK1L,MK1H,MK2L,MK2H)のフォーマット",1,,XXMKX
PMK11,"22.3.2 割り込みマスク・フラグ・レジスタ(MK0L, MK0H, MK1L, MK1H, MK2L, MK2H)","図22-3割り込みマスク・フラグ・レジスタ(MK0L,MK0H,MK1L,MK1H,MK2L,MK2H)のフォーマット",1,,XXMKX
PR00,"22.3.3 優先順位指定フラグ・レジスタ(PR00L, PR00H, PR01L, PR01H, PR02L, PR02H, PR10L, PR10H, PR11L, PR11H, PR12L, PR12H)","図22-4優先順位指定フラグ・レジスタ(PR00L,PR00H,PR01L,PR01H,PR02L,PR02H,PR10L,PR10H,PR11L,PR11H,PR12L,PR12H)のフォーマット(1/2)",,,
WDTIPR0,"22.3.3 優先順位指定フラグ・レジスタ(PR00L, PR00H, PR01L, PR01H, PR02L, PR02H, PR10L, PR10H, PR11L, PR11H, PR12L, PR12H)","図22-4優先順位指定フラグ・レジスタ(PR00L,PR00H,PR01L,PR01H,PR02L,PR02H,PR10L,PR10H,PR11L,PR11H,PR12L,PR12H)のフォーマット(2/2)",1,,XXPR1X
LVIPR0,"22.3.3 優先順位指定フラグ・レジスタ(PR00L, PR00H, PR01L, PR01H, PR02L, PR02H, PR10L, PR10H, PR11L, PR11H, PR12L, PR12H)","図22-4優先順位指定フラグ・レジスタ(PR00L,PR00H,PR01L,PR01H,PR02L,PR02H,PR10L,PR10H,PR11L,PR11H,PR12L,PR12H)のフォーマット(2/2)",1,,XXPR1X
PPR00,"22.3.3 優先順位指定フラグ・レジスタ(PR00L, PR00H, PR01L, PR01H, PR02L, PR02H, PR10L, PR10H, PR11L, PR11H, PR12L, PR12H)","図22-4優先順位指定フラグ・レジスタ(PR00L,PR00H,PR01L,PR01H,PR02L,PR02H,PR10L,PR10H,PR11L,PR11H,PR12L,PR12H)のフォーマット(2/2)",1,,XXPR1X
PPR01,"22.3.3 優先順位指定フラグ・レジスタ(PR00L, PR00H, PR01L, PR01H, PR02L, PR02H, PR10L, PR10H, PR11L, PR11H, PR12L, PR12H)","図22-4優先順位指定フラグ・レジスタ(PR00L,PR00H,PR01L,PR01H,PR02L,PR02H,PR10L,PR10H,PR11L,PR11H,PR12L,PR12H)のフォーマット(2/2)",1,,XXPR1X
PPR02,"22.3.3 優先順位指定フラグ・レジスタ(PR00L, PR00H, PR01L, PR01H, PR02L, PR02H, PR10L, PR10H, PR11L, PR11H, PR12L, PR12H)","図22-4優先順位指定フラグ・レジスタ(PR00L,PR00H,PR01L,PR01H,PR02L,PR02H,PR10L,PR10H,PR11L,PR11H,PR12L,PR12H)のフォーマット(2/2)",1,,XXPR1X
PPR03,"22.3.3 優先順位指定フラグ・レジスタ(PR00L, PR00H, PR01L, PR01H, PR02L, PR02H, PR10L, PR10H, PR11L, PR11H, PR12L, PR12H)","図22-4優先順位指定フラグ・レジスタ(PR00L,PR00H,PR01L,PR01H,PR02L,PR02H,PR10L,PR10H,PR11L,PR11H,PR12L,PR12H)のフォーマット(2/2)",1,,XXPR1X
PPR04,"22.3.3 優先順位指定フラグ・レジスタ(PR00L, PR00H, PR01L, PR01H, PR02L, PR02H, PR10L, PR10H, PR11L, PR11H, PR12L, PR12H)","図22-4優先順位指定フラグ・レジスタ(PR00L,PR00H,PR01L,PR01H,PR02L,PR02H,PR10L,PR10H,PR11L,PR11H,PR12L,PR12H)のフォーマット(2/2)",1,,XXPR1X
PPR05,"22.3.3 優先順位指定フラグ・レジスタ(PR00L, PR00H, PR01L, PR01H, PR02L, PR02H, PR10L, PR10H, PR11L, PR11H, PR12L, PR12H)","図22-4優先順位指定フラグ・レジスタ(PR00L,PR00H,PR01L,PR01H,PR02L,PR02H,PR10L,PR10H,PR11L,PR11H,PR12L,PR12H)のフォーマット(2/2)",1,,XXPR1X
PR00L,"22.3.3 優先順位指定フラグ・レジスタ(PR00L, PR00H, PR01L, PR01H, PR02L, PR02H, PR10L, PR10H, PR11L, PR11H, PR12L, PR12H)","図22-4優先順位指定フラグ・レジスタ(PR00L,PR00H,PR01L,PR01H,PR02L,PR02H,PR10L,PR10H,PR11L,PR11H,PR12L,PR12H)のフォーマット(1/2)",,,
PR00H,"22.3.3 優先順位指定フラグ・レジスタ(PR00L, PR00H, PR01L, PR01H, PR02L, PR02H, PR10L, PR10H, PR11L, PR11H, PR12L, PR12H)","図22-4優先順位指定フラグ・レジスタ(PR00L,PR00H,PR01L,PR01H,PR02L,PR02H,PR10L,PR10H,PR11L,PR11H,PR12L,PR12H)のフォーマット(1/2)",,,
PPR06,"22.3.3 優先順位指定フラグ・レジスタ(PR00L, PR00H, PR01L, PR01H, PR02L, PR02H, PR10L, PR10H, PR11L, PR11H, PR12L, PR12H)","図22-4優先順位指定フラグ・レジスタ(PR00L,PR00H,PR01L,PR01H,PR02L,PR02H,PR10L,PR10H,PR11L,PR11H,PR12L,PR12H)のフォーマット(2/2)",1,,XXPR1X
CSIPR000,"22.3.3 優先順位指定フラグ・レジスタ(PR00L, PR00H, PR01L, PR01H, PR02L, PR02H, PR10L, PR10H, PR11L, PR11H, PR12L, PR12H)","図22-4優先順位指定フラグ・レジスタ(PR00L,PR00H,PR01L,PR01H,PR02L,PR02H,PR10L,PR10H,PR11L,PR11H,PR12L,PR12H)のフォーマット(2/2)",1,,XXPR1X
IICPR000,"22.3.3 優先順位指定フラグ・レジスタ(PR00L, PR00H, PR01L, PR01H, PR02L, PR02H, PR10L, PR10H, PR11L, PR11H, PR12L, PR12H)","図22-4優先順位指定フラグ・レジスタ(PR00L,PR00H,PR01L,PR01H,PR02L,PR02H,PR10L,PR10H,PR11L,PR11H,PR12L,PR12H)のフォーマット(2/2)",1,,XXPR1X
STPR00,"22.3.3 優先順位指定フラグ・レジスタ(PR00L, PR00H, PR01L, PR01H, PR02L, PR02H, PR10L, PR10H, PR11L, PR11H, PR12L, PR12H)","図22-4優先順位指定フラグ・レジスタ(PR00L,PR00H,PR01L,PR01H,PR02L,PR02H,PR10L,PR10H,PR11L,PR11H,PR12L,PR12H)のフォーマット(2/2)",1,,XXPR1X
CSIPR001,"22.3.3 優先順位指定フラグ・レジスタ(PR00L, PR00H, PR01L, PR01H, PR02L, PR02H, PR10L, PR10H, PR11L, PR11H, PR12L, PR12H)","図22-4優先順位指定フラグ・レジスタ(PR00L,PR00H,PR01L,PR01H,PR02L,PR02H,PR10L,PR10H,PR11L,PR11H,PR12L,PR12H)のフォーマット(2/2)",1,,XXPR1X
IICPR001,"22.3.3 優先順位指定フラグ・レジスタ(PR00L, PR00H, PR01L, PR01H, PR02L, PR02H, PR10L, PR10H, PR11L, PR11H, PR12L, PR12H)","図22-4優先順位指定フラグ・レジスタ(PR00L,PR00H,PR01L,PR01H,PR02L,PR02H,PR10L,PR10H,PR11L,PR11H,PR12L,PR12H)のフォーマット(2/2)",1,,XXPR1X
SRPR00,"22.3.3 優先順位指定フラグ・レジスタ(PR00L, PR00H, PR01L, PR01H, PR02L, PR02H, PR10L, PR10H, PR11L, PR11H, PR12L, PR12H)","図22-4優先順位指定フラグ・レジスタ(PR00L,PR00H,PR01L,PR01H,PR02L,PR02H,PR10L,PR10H,PR11L,PR11H,PR12L,PR12H)のフォーマット(2/2)",1,,XXPR1X
SREPR00,"22.3.3 優先順位指定フラグ・レジスタ(PR00L, PR00H, PR01L, PR01H, PR02L, PR02H, PR10L, PR10H, PR11L, PR11H, PR12L, PR12H)","図22-4優先順位指定フラグ・レジスタ(PR00L,PR00H,PR01L,PR01H,PR02L,PR02H,PR10L,PR10H,PR11L,PR11H,PR12L,PR12H)のフォーマット(2/2)",1,,XXPR1X
TMPR000,"22.3.3 優先順位指定フラグ・レジスタ(PR00L, PR00H, PR01L, PR01H, PR02L, PR02H, PR10L, PR10H, PR11L, PR11H, PR12L, PR12H)","図22-4優先順位指定フラグ・レジスタ(PR00L,PR00H,PR01L,PR01H,PR02L,PR02H,PR10L,PR10H,PR11L,PR11H,PR12L,PR12H)のフォーマット(2/2)",1,,XXPR1X
CSIPR010,"22.3.3 優先順位指定フラグ・レジスタ(PR00L, PR00H, PR01L, PR01H, PR02L, PR02H, PR10L, PR10H, PR11L, PR11H, PR12L, PR12H)","図22-4優先順位指定フラグ・レジスタ(PR00L,PR00H,PR01L,PR01H,PR02L,PR02H,PR10L,PR10H,PR11L,PR11H,PR12L,PR12H)のフォーマット(2/2)",1,,XXPR1X
IICPR010,"22.3.3 優先順位指定フラグ・レジスタ(PR00L, PR00H, PR01L, PR01H, PR02L, PR02H, PR10L, PR10H, PR11L, PR11H, PR12L, PR12H)","図22-4優先順位指定フラグ・レジスタ(PR00L,PR00H,PR01L,PR01H,PR02L,PR02H,PR10L,PR10H,PR11L,PR11H,PR12L,PR12H)のフォーマット(2/2)",1,,XXPR1X
STPR01,"22.3.3 優先順位指定フラグ・レジスタ(PR00L, PR00H, PR01L, PR01H, PR02L, PR02H, PR10L, PR10H, PR11L, PR11H, PR12L, PR12H)","図22-4優先順位指定フラグ・レジスタ(PR00L,PR00H,PR01L,PR01H,PR02L,PR02H,PR10L,PR10H,PR11L,PR11H,PR12L,PR12H)のフォーマット(2/2)",1,,XXPR1X
PR01,"22.3.3 優先順位指定フラグ・レジスタ(PR00L, PR00H, PR01L, PR01H, PR02L, PR02H, PR10L, PR10H, PR11L, PR11H, PR12L, PR12H)","図22-4優先順位指定フラグ・レジスタ(PR00L,PR00H,PR01L,PR01H,PR02L,PR02H,PR10L,PR10H,PR11L,PR11H,PR12L,PR12H)のフォーマット(1/2)",,,
CSIPR011,"22.3.3 優先順位指定フラグ・レジスタ(PR00L, PR00H, PR01L, PR01H, PR02L, PR02H, PR10L, PR10H, PR11L, PR11H, PR12L, PR12H)","図22-4優先順位指定フラグ・レジスタ(PR00L,PR00H,PR01L,PR01H,PR02L,PR02H,PR10L,PR10H,PR11L,PR11H,PR12L,PR12H)のフォーマット(2/2)",1,,XXPR1X
IICPR011,"22.3.3 優先順位指定フラグ・レジスタ(PR00L, PR00H, PR01L, PR01H, PR02L, PR02H, PR10L, PR10H, PR11L, PR11H, PR12L, PR12H)","図22-4優先順位指定フラグ・レジスタ(PR00L,PR00H,PR01L,PR01H,PR02L,PR02H,PR10L,PR10H,PR11L,PR11H,PR12L,PR12H)のフォーマット(2/2)",1,,XXPR1X
SRPR01,"22.3.3 優先順位指定フラグ・レジスタ(PR00L, PR00H, PR01L, PR01H, PR02L, PR02H, PR10L, PR10H, PR11L, PR11H, PR12L, PR12H)","図22-4優先順位指定フラグ・レジスタ(PR00L,PR00H,PR01L,PR01H,PR02L,PR02H,PR10L,PR10H,PR11L,PR11H,PR12L,PR12H)のフォーマット(2/2)",1,,XXPR1X
SREPR01,"22.3.3 優先順位指定フラグ・レジスタ(PR00L, PR00H, PR01L, PR01H, PR02L, PR02H, PR10L, PR10H, PR11L, PR11H, PR12L, PR12H)","図22-4優先順位指定フラグ・レジスタ(PR00L,PR00H,PR01L,PR01H,PR02L,PR02H,PR10L,PR10H,PR11L,PR11H,PR12L,PR12H)のフォーマット(2/2)",1,,XXPR1X
IICAPR00,"22.3.3 優先順位指定フラグ・レジスタ(PR00L, PR00H, PR01L, PR01H, PR02L, PR02H, PR10L, PR10H, PR11L, PR11H, PR12L, PR12H)","図22-4優先順位指定フラグ・レジスタ(PR00L,PR00H,PR01L,PR01H,PR02L,PR02H,PR10L,PR10H,PR11L,PR11H,PR12L,PR12H)のフォーマット(2/2)",1,,XXPR1X
TMPR001H,"22.3.3 優先順位指定フラグ・レジスタ(PR00L, PR00H, PR01L, PR01H, PR02L, PR02H, PR10L, PR10H, PR11L, PR11H, PR12L, PR12H)","図22-4優先順位指定フラグ・レジスタ(PR00L,PR00H,PR01L,PR01H,PR02L,PR02H,PR10L,PR10H,PR11L,PR11H,PR12L,PR12H)のフォーマット(2/2)",1,,XXPR1X
TMPR003H,"22.3.3 優先順位指定フラグ・レジスタ(PR00L, PR00H, PR01L, PR01H, PR02L, PR02H, PR10L, PR10H, PR11L, PR11H, PR12L, PR12H)","図22-4優先順位指定フラグ・レジスタ(PR00L,PR00H,PR01L,PR01H,PR02L,PR02H,PR10L,PR10H,PR11L,PR11H,PR12L,PR12H)のフォーマット(2/2)",1,,XXPR1X
TMPR001,"22.3.3 優先順位指定フラグ・レジスタ(PR00L, PR00H, PR01L, PR01H, PR02L, PR02H, PR10L, PR10H, PR11L, PR11H, PR12L, PR12H)","図22-4優先順位指定フラグ・レジスタ(PR00L,PR00H,PR01L,PR01H,PR02L,PR02H,PR10L,PR10H,PR11L,PR11H,PR12L,PR12H)のフォーマット(2/2)",1,,XXPR1X
TMPR002,"22.3.3 優先順位指定フラグ・レジスタ(PR00L, PR00H, PR01L, PR01H, PR02L, PR02H, PR10L, PR10H, PR11L, PR11H, PR12L, PR12H)","図22-4優先順位指定フラグ・レジスタ(PR00L,PR00H,PR01L,PR01H,PR02L,PR02H,PR10L,PR10H,PR11L,PR11H,PR12L,PR12H)のフォーマット(2/2)",1,,XXPR1X
TMPR003,"22.3.3 優先順位指定フラグ・レジスタ(PR00L, PR00H, PR01L, PR01H, PR02L, PR02H, PR10L, PR10H, PR11L, PR11H, PR12L, PR12H)","図22-4優先順位指定フラグ・レジスタ(PR00L,PR00H,PR01L,PR01H,PR02L,PR02H,PR10L,PR10H,PR11L,PR11H,PR12L,PR12H)のフォーマット(2/2)",1,,XXPR1X
PR01L,"22.3.3 優先順位指定フラグ・レジスタ(PR00L, PR00H, PR01L, PR01H, PR02L, PR02H, PR10L, PR10H, PR11L, PR11H, PR12L, PR12H)","図22-4優先順位指定フラグ・レジスタ(PR00L,PR00H,PR01L,PR01H,PR02L,PR02H,PR10L,PR10H,PR11L,PR11H,PR12L,PR12H)のフォーマット(1/2)",,,
PR01H,"22.3.3 優先順位指定フラグ・レジスタ(PR00L, PR00H, PR01L, PR01H, PR02L, PR02H, PR10L, PR10H, PR11L, PR11H, PR12L, PR12H)","図22-4優先順位指定フラグ・レジスタ(PR00L,PR00H,PR01L,PR01H,PR02L,PR02H,PR10L,PR10H,PR11L,PR11H,PR12L,PR12H)のフォーマット(1/2)",,,
ADPR0,"22.3.3 優先順位指定フラグ・レジスタ(PR00L, PR00H, PR01L, PR01H, PR02L, PR02H, PR10L, PR10H, PR11L, PR11H, PR12L, PR12H)","図22-4優先順位指定フラグ・レジスタ(PR00L,PR00H,PR01L,PR01H,PR02L,PR02H,PR10L,PR10H,PR11L,PR11H,PR12L,PR12H)のフォーマット(2/2)",1,,XXPR1X
TMKAPR0,"22.3.3 優先順位指定フラグ・レジスタ(PR00L, PR00H, PR01L, PR01H, PR02L, PR02H, PR10L, PR10H, PR11L, PR11H, PR12L, PR12H)","図22-4優先順位指定フラグ・レジスタ(PR00L,PR00H,PR01L,PR01H,PR02L,PR02H,PR10L,PR10H,PR11L,PR11H,PR12L,PR12H)のフォーマット(2/2)",1,,XXPR1X
KRPR0,"22.3.3 優先順位指定フラグ・レジスタ(PR00L, PR00H, PR01L, PR01H, PR02L, PR02H, PR10L, PR10H, PR11L, PR11H, PR12L, PR12H)","図22-4優先順位指定フラグ・レジスタ(PR00L,PR00H,PR01L,PR01H,PR02L,PR02H,PR10L,PR10H,PR11L,PR11H,PR12L,PR12H)のフォーマット(2/2)",1,,XXPR1X
PPR07,"22.3.3 優先順位指定フラグ・レジスタ(PR00L, PR00H, PR01L, PR01H, PR02L, PR02H, PR10L, PR10H, PR11L, PR11H, PR12L, PR12H)","図22-4優先順位指定フラグ・レジスタ(PR00L,PR00H,PR01L,PR01H,PR02L,PR02H,PR10L,PR10H,PR11L,PR11H,PR12L,PR12H)のフォーマット(2/2)",1,,XXPR1X
PPR08,"22.3.3 優先順位指定フラグ・レジスタ(PR00L, PR00H, PR01L, PR01H, PR02L, PR02H, PR10L, PR10H, PR11L, PR11H, PR12L, PR12H)","図22-4優先順位指定フラグ・レジスタ(PR00L,PR00H,PR01L,PR01H,PR02L,PR02H,PR10L,PR10H,PR11L,PR11H,PR12L,PR12H)のフォーマット(2/2)",1,,XXPR1X
PPR09,"22.3.3 優先順位指定フラグ・レジスタ(PR00L, PR00H, PR01L, PR01H, PR02L, PR02H, PR10L, PR10H, PR11L, PR11H, PR12L, PR12H)","図22-4優先順位指定フラグ・レジスタ(PR00L,PR00H,PR01L,PR01H,PR02L,PR02H,PR10L,PR10H,PR11L,PR11H,PR12L,PR12H)のフォーマット(2/2)",1,,XXPR1X
PPR010,"22.3.3 優先順位指定フラグ・レジスタ(PR00L, PR00H, PR01L, PR01H, PR02L, PR02H, PR10L, PR10H, PR11L, PR11H, PR12L, PR12H)","図22-4優先順位指定フラグ・レジスタ(PR00L,PR00H,PR01L,PR01H,PR02L,PR02H,PR10L,PR10H,PR11L,PR11H,PR12L,PR12H)のフォーマット(2/2)",1,,XXPR1X
PPR011,"22.3.3 優先順位指定フラグ・レジスタ(PR00L, PR00H, PR01L, PR01H, PR02L, PR02H, PR10L, PR10H, PR11L, PR11H, PR12L, PR12H)","図22-4優先順位指定フラグ・レジスタ(PR00L,PR00H,PR01L,PR01H,PR02L,PR02H,PR10L,PR10H,PR11L,PR11H,PR12L,PR12H)のフォーマット(2/2)",1,,XXPR1X
PR10,"22.3.3 優先順位指定フラグ・レジスタ(PR00L, PR00H, PR01L, PR01H, PR02L, PR02H, PR10L, PR10H, PR11L, PR11H, PR12L, PR12H)","図22-4優先順位指定フラグ・レジスタ(PR00L,PR00H,PR01L,PR01H,PR02L,PR02H,PR10L,PR10H,PR11L,PR11H,PR12L,PR12H)のフォーマット(1/2)",,,
WDTIPR1,"22.3.3 優先順位指定フラグ・レジスタ(PR00L, PR00H, PR01L, PR01H, PR02L, PR02H, PR10L, PR10H, PR11L, PR11H, PR12L, PR12H)","図22-4優先順位指定フラグ・レジスタ(PR00L,PR00H,PR01L,PR01H,PR02L,PR02H,PR10L,PR10H,PR11L,PR11H,PR12L,PR12H)のフォーマット(2/2)",1,,XXPR1X
LVIPR1,"22.3.3 優先順位指定フラグ・レジスタ(PR00L, PR00H, PR01L, PR01H, PR02L, PR02H, PR10L, PR10H, PR11L, PR11H, PR12L, PR12H)","図22-4優先順位指定フラグ・レジスタ(PR00L,PR00H,PR01L,PR01H,PR02L,PR02H,PR10L,PR10H,PR11L,PR11H,PR12L,PR12H)のフォーマット(2/2)",1,,XXPR1X
PPR10,"22.3.3 優先順位指定フラグ・レジスタ(PR00L, PR00H, PR01L, PR01H, PR02L, PR02H, PR10L, PR10H, PR11L, PR11H, PR12L, PR12H)","図22-4優先順位指定フラグ・レジスタ(PR00L,PR00H,PR01L,PR01H,PR02L,PR02H,PR10L,PR10H,PR11L,PR11H,PR12L,PR12H)のフォーマット(2/2)",1,,XXPR1X
PPR11,"22.3.3 優先順位指定フラグ・レジスタ(PR00L, PR00H, PR01L, PR01H, PR02L, PR02H, PR10L, PR10H, PR11L, PR11H, PR12L, PR12H)","図22-4優先順位指定フラグ・レジスタ(PR00L,PR00H,PR01L,PR01H,PR02L,PR02H,PR10L,PR10H,PR11L,PR11H,PR12L,PR12H)のフォーマット(2/2)",1,,XXPR1X
PPR12,"22.3.3 優先順位指定フラグ・レジスタ(PR00L, PR00H, PR01L, PR01H, PR02L, PR02H, PR10L, PR10H, PR11L, PR11H, PR12L, PR12H)","図22-4優先順位指定フラグ・レジスタ(PR00L,PR00H,PR01L,PR01H,PR02L,PR02H,PR10L,PR10H,PR11L,PR11H,PR12L,PR12H)のフォーマット(2/2)",1,,XXPR1X
PPR13,"22.3.3 優先順位指定フラグ・レジスタ(PR00L, PR00H, PR01L, PR01H, PR02L, PR02H, PR10L, PR10H, PR11L, PR11H, PR12L, PR12H)","図22-4優先順位指定フラグ・レジスタ(PR00L,PR00H,PR01L,PR01H,PR02L,PR02H,PR10L,PR10H,PR11L,PR11H,PR12L,PR12H)のフォーマット(2/2)",1,,XXPR1X
PPR14,"22.3.3 優先順位指定フラグ・レジスタ(PR00L, PR00H, PR01L, PR01H, PR02L, PR02H, PR10L, PR10H, PR11L, PR11H, PR12L, PR12H)","図22-4優先順位指定フラグ・レジスタ(PR00L,PR00H,PR01L,PR01H,PR02L,PR02H,PR10L,PR10H,PR11L,PR11H,PR12L,PR12H)のフォーマット(2/2)",1,,XXPR1X
PPR15,"22.3.3 優先順位指定フラグ・レジスタ(PR00L, PR00H, PR01L, PR01H, PR02L, PR02H, PR10L, PR10H, PR11L, PR11H, PR12L, PR12H)","図22-4優先順位指定フラグ・レジスタ(PR00L,PR00H,PR01L,PR01H,PR02L,PR02H,PR10L,PR10H,PR11L,PR11H,PR12L,PR12H)のフォーマット(2/2)",1,,XXPR1X
PR10L,"22.3.3 優先順位指定フラグ・レジスタ(PR00L, PR00H, PR01L, PR01H, PR02L, PR02H, PR10L, PR10H, PR11L, PR11H, PR12L, PR12H)","図22-4優先順位指定フラグ・レジスタ(PR00L,PR00H,PR01L,PR01H,PR02L,PR02H,PR10L,PR10H,PR11L,PR11H,PR12L,PR12H)のフォーマット(1/2)",,,
PR10H,"22.3.3 優先順位指定フラグ・レジスタ(PR00L, PR00H, PR01L, PR01H, PR02L, PR02H, PR10L, PR10H, PR11L, PR11H, PR12L, PR12H)","図22-4優先順位指定フラグ・レジスタ(PR00L,PR00H,PR01L,PR01H,PR02L,PR02H,PR10L,PR10H,PR11L,PR11H,PR12L,PR12H)のフォーマット(1/2)",,,
PPR16,"22.3.3 優先順位指定フラグ・レジスタ(PR00L, PR00H, PR01L, PR01H, PR02L, PR02H, PR10L, PR10H, PR11L, PR11H, PR12L, PR12H)","図22-4優先順位指定フラグ・レジスタ(PR00L,PR00H,PR01L,PR01H,PR02L,PR02H,PR10L,PR10H,PR11L,PR11H,PR12L,PR12H)のフォーマット(2/2)",1,,XXPR1X
CSIPR100,"22.3.3 優先順位指定フラグ・レジスタ(PR00L, PR00H, PR01L, PR01H, PR02L, PR02H, PR10L, PR10H, PR11L, PR11H, PR12L, PR12H)","図22-4優先順位指定フラグ・レジスタ(PR00L,PR00H,PR01L,PR01H,PR02L,PR02H,PR10L,PR10H,PR11L,PR11H,PR12L,PR12H)のフォーマット(2/2)",1,,XXPR1X
IICPR100,"22.3.3 優先順位指定フラグ・レジスタ(PR00L, PR00H, PR01L, PR01H, PR02L, PR02H, PR10L, PR10H, PR11L, PR11H, PR12L, PR12H)","図22-4優先順位指定フラグ・レジスタ(PR00L,PR00H,PR01L,PR01H,PR02L,PR02H,PR10L,PR10H,PR11L,PR11H,PR12L,PR12H)のフォーマット(2/2)",1,,XXPR1X
STPR10,"22.3.3 優先順位指定フラグ・レジスタ(PR00L, PR00H, PR01L, PR01H, PR02L, PR02H, PR10L, PR10H, PR11L, PR11H, PR12L, PR12H)","図22-4優先順位指定フラグ・レジスタ(PR00L,PR00H,PR01L,PR01H,PR02L,PR02H,PR10L,PR10H,PR11L,PR11H,PR12L,PR12H)のフォーマット(2/2)",1,,XXPR1X
CSIPR101,"22.3.3 優先順位指定フラグ・レジスタ(PR00L, PR00H, PR01L, PR01H, PR02L, PR02H, PR10L, PR10H, PR11L, PR11H, PR12L, PR12H)","図22-4優先順位指定フラグ・レジスタ(PR00L,PR00H,PR01L,PR01H,PR02L,PR02H,PR10L,PR10H,PR11L,PR11H,PR12L,PR12H)のフォーマット(2/2)",1,,XXPR1X
IICPR101,"22.3.3 優先順位指定フラグ・レジスタ(PR00L, PR00H, PR01L, PR01H, PR02L, PR02H, PR10L, PR10H, PR11L, PR11H, PR12L, PR12H)","図22-4優先順位指定フラグ・レジスタ(PR00L,PR00H,PR01L,PR01H,PR02L,PR02H,PR10L,PR10H,PR11L,PR11H,PR12L,PR12H)のフォーマット(2/2)",1,,XXPR1X
SRPR10,"22.3.3 優先順位指定フラグ・レジスタ(PR00L, PR00H, PR01L, PR01H, PR02L, PR02H, PR10L, PR10H, PR11L, PR11H, PR12L, PR12H)","図22-4優先順位指定フラグ・レジスタ(PR00L,PR00H,PR01L,PR01H,PR02L,PR02H,PR10L,PR10H,PR11L,PR11H,PR12L,PR12H)のフォーマット(2/2)",1,,XXPR1X
SREPR10,"22.3.3 優先順位指定フラグ・レジスタ(PR00L, PR00H, PR01L, PR01H, PR02L, PR02H, PR10L, PR10H, PR11L, PR11H, PR12L, PR12H)","図22-4優先順位指定フラグ・レジスタ(PR00L,PR00H,PR01L,PR01H,PR02L,PR02H,PR10L,PR10H,PR11L,PR11H,PR12L,PR12H)のフォーマット(2/2)",1,,XXPR1X
TMPR100,"22.3.3 優先順位指定フラグ・レジスタ(PR00L, PR00H, PR01L, PR01H, PR02L, PR02H, PR10L, PR10H, PR11L, PR11H, PR12L, PR12H)","図22-4優先順位指定フラグ・レジスタ(PR00L,PR00H,PR01L,PR01H,PR02L,PR02H,PR10L,PR10H,PR11L,PR11H,PR12L,PR12H)のフォーマット(2/2)",1,,XXPR1X
CSIPR110,"22.3.3 優先順位指定フラグ・レジスタ(PR00L, PR00H, PR01L, PR01H, PR02L, PR02H, PR10L, PR10H, PR11L, PR11H, PR12L, PR12H)","図22-4優先順位指定フラグ・レジスタ(PR00L,PR00H,PR01L,PR01H,PR02L,PR02H,PR10L,PR10H,PR11L,PR11H,PR12L,PR12H)のフォーマット(2/2)",1,,XXPR1X
IICPR110,"22.3.3 優先順位指定フラグ・レジスタ(PR00L, PR00H, PR01L, PR01H, PR02L, PR02H, PR10L, PR10H, PR11L, PR11H, PR12L, PR12H)","図22-4優先順位指定フラグ・レジスタ(PR00L,PR00H,PR01L,PR01H,PR02L,PR02H,PR10L,PR10H,PR11L,PR11H,PR12L,PR12H)のフォーマット(2/2)",1,,XXPR1X
STPR11,"22.3.3 優先順位指定フラグ・レジスタ(PR00L, PR00H, PR01L, PR01H, PR02L, PR02H, PR10L, PR10H, PR11L, PR11H, PR12L, PR12H)","図22-4優先順位指定フラグ・レジスタ(PR00L,PR00H,PR01L,PR01H,PR02L,PR02H,PR10L,PR10H,PR11L,PR11H,PR12L,PR12H)のフォーマット(2/2)",1,,XXPR1X
PR11,"22.3.3 優先順位指定フラグ・レジスタ(PR00L, PR00H, PR01L, PR01H, PR02L, PR02H, PR10L, PR10H, PR11L, PR11H, PR12L, PR12H)","図22-4優先順位指定フラグ・レジスタ(PR00L,PR00H,PR01L,PR01H,PR02L,PR02H,PR10L,PR10H,PR11L,PR11H,PR12L,PR12H)のフォーマット(1/2)",,,
CSIPR111,"22.3.3 優先順位指定フラグ・レジスタ(PR00L, PR00H, PR01L, PR01H, PR02L, PR02H, PR10L, PR10H, PR11L, PR11H, PR12L, PR12H)","図22-4優先順位指定フラグ・レジスタ(PR00L,PR00H,PR01L,PR01H,PR02L,PR02H,PR10L,PR10H,PR11L,PR11H,PR12L,PR12H)のフォーマット(2/2)",1,,XXPR1X
IICPR111,"22.3.3 優先順位指定フラグ・レジスタ(PR00L, PR00H, PR01L, PR01H, PR02L, PR02H, PR10L, PR10H, PR11L, PR11H, PR12L, PR12H)","図22-4優先順位指定フラグ・レジスタ(PR00L,PR00H,PR01L,PR01H,PR02L,PR02H,PR10L,PR10H,PR11L,PR11H,PR12L,PR12H)のフォーマット(2/2)",1,,XXPR1X
SRPR11,"22.3.3 優先順位指定フラグ・レジスタ(PR00L, PR00H, PR01L, PR01H, PR02L, PR02H, PR10L, PR10H, PR11L, PR11H, PR12L, PR12H)","図22-4優先順位指定フラグ・レジスタ(PR00L,PR00H,PR01L,PR01H,PR02L,PR02H,PR10L,PR10H,PR11L,PR11H,PR12L,PR12H)のフォーマット(2/2)",1,,XXPR1X
SREPR11,"22.3.3 優先順位指定フラグ・レジスタ(PR00L, PR00H, PR01L, PR01H, PR02L, PR02H, PR10L, PR10H, PR11L, PR11H, PR12L, PR12H)","図22-4優先順位指定フラグ・レジスタ(PR00L,PR00H,PR01L,PR01H,PR02L,PR02H,PR10L,PR10H,PR11L,PR11H,PR12L,PR12H)のフォーマット(2/2)",1,,XXPR1X
IICAPR10,"22.3.3 優先順位指定フラグ・レジスタ(PR00L, PR00H, PR01L, PR01H, PR02L, PR02H, PR10L, PR10H, PR11L, PR11H, PR12L, PR12H)","図22-4優先順位指定フラグ・レジスタ(PR00L,PR00H,PR01L,PR01H,PR02L,PR02H,PR10L,PR10H,PR11L,PR11H,PR12L,PR12H)のフォーマット(2/2)",1,,XXPR1X
TMPR101H,"22.3.3 優先順位指定フラグ・レジスタ(PR00L, PR00H, PR01L, PR01H, PR02L, PR02H, PR10L, PR10H, PR11L, PR11H, PR12L, PR12H)","図22-4優先順位指定フラグ・レジスタ(PR00L,PR00H,PR01L,PR01H,PR02L,PR02H,PR10L,PR10H,PR11L,PR11H,PR12L,PR12H)のフォーマット(2/2)",1,,XXPR1X
TMPR103H,"22.3.3 優先順位指定フラグ・レジスタ(PR00L, PR00H, PR01L, PR01H, PR02L, PR02H, PR10L, PR10H, PR11L, PR11H, PR12L, PR12H)","図22-4優先順位指定フラグ・レジスタ(PR00L,PR00H,PR01L,PR01H,PR02L,PR02H,PR10L,PR10H,PR11L,PR11H,PR12L,PR12H)のフォーマット(2/2)",1,,XXPR1X
TMPR101,"22.3.3 優先順位指定フラグ・レジスタ(PR00L, PR00H, PR01L, PR01H, PR02L, PR02H, PR10L, PR10H, PR11L, PR11H, PR12L, PR12H)","図22-4優先順位指定フラグ・レジスタ(PR00L,PR00H,PR01L,PR01H,PR02L,PR02H,PR10L,PR10H,PR11L,PR11H,PR12L,PR12H)のフォーマット(2/2)",1,,XXPR1X
TMPR102,"22.3.3 優先順位指定フラグ・レジスタ(PR00L, PR00H, PR01L, PR01H, PR02L, PR02H, PR10L, PR10H, PR11L, PR11H, PR12L, PR12H)","図22-4優先順位指定フラグ・レジスタ(PR00L,PR00H,PR01L,PR01H,PR02L,PR02H,PR10L,PR10H,PR11L,PR11H,PR12L,PR12H)のフォーマット(2/2)",1,,XXPR1X
TMPR103,"22.3.3 優先順位指定フラグ・レジスタ(PR00L, PR00H, PR01L, PR01H, PR02L, PR02H, PR10L, PR10H, PR11L, PR11H, PR12L, PR12H)","図22-4優先順位指定フラグ・レジスタ(PR00L,PR00H,PR01L,PR01H,PR02L,PR02H,PR10L,PR10H,PR11L,PR11H,PR12L,PR12H)のフォーマット(2/2)",1,,XXPR1X
PR11L,"22.3.3 優先順位指定フラグ・レジスタ(PR00L, PR00H, PR01L, PR01H, PR02L, PR02H, PR10L, PR10H, PR11L, PR11H, PR12L, PR12H)","図22-4優先順位指定フラグ・レジスタ(PR00L,PR00H,PR01L,PR01H,PR02L,PR02H,PR10L,PR10H,PR11L,PR11H,PR12L,PR12H)のフォーマット(1/2)",,,
PR11H,"22.3.3 優先順位指定フラグ・レジスタ(PR00L, PR00H, PR01L, PR01H, PR02L, PR02H, PR10L, PR10H, PR11L, PR11H, PR12L, PR12H)","図22-4優先順位指定フラグ・レジスタ(PR00L,PR00H,PR01L,PR01H,PR02L,PR02H,PR10L,PR10H,PR11L,PR11H,PR12L,PR12H)のフォーマット(1/2)",,,
ADPR1,"22.3.3 優先順位指定フラグ・レジスタ(PR00L, PR00H, PR01L, PR01H, PR02L, PR02H, PR10L, PR10H, PR11L, PR11H, PR12L, PR12H)","図22-4優先順位指定フラグ・レジスタ(PR00L,PR00H,PR01L,PR01H,PR02L,PR02H,PR10L,PR10H,PR11L,PR11H,PR12L,PR12H)のフォーマット(2/2)",1,,XXPR1X
TMKAPR1,"22.3.3 優先順位指定フラグ・レジスタ(PR00L, PR00H, PR01L, PR01H, PR02L, PR02H, PR10L, PR10H, PR11L, PR11H, PR12L, PR12H)","図22-4優先順位指定フラグ・レジスタ(PR00L,PR00H,PR01L,PR01H,PR02L,PR02H,PR10L,PR10H,PR11L,PR11H,PR12L,PR12H)のフォーマット(2/2)",1,,XXPR1X
KRPR1,"22.3.3 優先順位指定フラグ・レジスタ(PR00L, PR00H, PR01L, PR01H, PR02L, PR02H, PR10L, PR10H, PR11L, PR11H, PR12L, PR12H)","図22-4優先順位指定フラグ・レジスタ(PR00L,PR00H,PR01L,PR01H,PR02L,PR02H,PR10L,PR10H,PR11L,PR11H,PR12L,PR12H)のフォーマット(2/2)",1,,XXPR1X
PPR17,"22.3.3 優先順位指定フラグ・レジスタ(PR00L, PR00H, PR01L, PR01H, PR02L, PR02H, PR10L, PR10H, PR11L, PR11H, PR12L, PR12H)","図22-4優先順位指定フラグ・レジスタ(PR00L,PR00H,PR01L,PR01H,PR02L,PR02H,PR10L,PR10H,PR11L,PR11H,PR12L,PR12H)のフォーマット(2/2)",1,,XXPR1X
PPR18,"22.3.3 優先順位指定フラグ・レジスタ(PR00L, PR00H, PR01L, PR01H, PR02L, PR02H, PR10L, PR10H, PR11L, PR11H, PR12L, PR12H)","図22-4優先順位指定フラグ・レジスタ(PR00L,PR00H,PR01L,PR01H,PR02L,PR02H,PR10L,PR10H,PR11L,PR11H,PR12L,PR12H)のフォーマット(2/2)",1,,XXPR1X
PPR19,"22.3.3 優先順位指定フラグ・レジスタ(PR00L, PR00H, PR01L, PR01H, PR02L, PR02H, PR10L, PR10H, PR11L, PR11H, PR12L, PR12H)","図22-4優先順位指定フラグ・レジスタ(PR00L,PR00H,PR01L,PR01H,PR02L,PR02H,PR10L,PR10H,PR11L,PR11H,PR12L,PR12H)のフォーマット(2/2)",1,,XXPR1X
PPR110,"22.3.3 優先順位指定フラグ・レジスタ(PR00L, PR00H, PR01L, PR01H, PR02L, PR02H, PR10L, PR10H, PR11L, PR11H, PR12L, PR12H)","図22-4優先順位指定フラグ・レジスタ(PR00L,PR00H,PR01L,PR01H,PR02L,PR02H,PR10L,PR10H,PR11L,PR11H,PR12L,PR12H)のフォーマット(2/2)",1,,XXPR1X
PPR111,"22.3.3 優先順位指定フラグ・レジスタ(PR00L, PR00H, PR01L, PR01H, PR02L, PR02H, PR10L, PR10H, PR11L, PR11H, PR12L, PR12H)","図22-4優先順位指定フラグ・レジスタ(PR00L,PR00H,PR01L,PR01H,PR02L,PR02H,PR10L,PR10H,PR11L,PR11H,PR12L,PR12H)のフォーマット(2/2)",1,,XXPR1X
PMC,3.1.2 ミラー領域,図3-2プロセッサ・モード・コントロール・レジスタ(PMC)のフォーマット,,,
MAA,3.1.2 ミラー領域,図3-2プロセッサ・モード・コントロール・レジスタ(PMC)のフォーマット,2,,
